Rk,Year,Rnd,Pick,,Pos,DrAge,Tm,From,To,AP1,PB,St,CarAV,G,GS,QBrec,Cmp,Att,Yds,TD,Int,Att,Yds,TD,College/Univ,
1,2016,6,201,Brandon Allen,QB,24,JAX,,,0,0,0,,,,,,,,,,,,,Arkansas,College Stats
2,2016,3,91,Jacoby Brissett,QB,22,NWE,2016,2017,0,0,1,2,16,14,04-10-00,262,436,3011,11,7,66,299,4,North Carolina St.,College Stats
3,2016,4,100,Connor Cook,QB,23,OAK,2016,2016,0,0,0,0,1,0,,14,21,150,1,1,,,,Michigan St.,College Stats
4,2016,7,223,Brandon Doughty,QB,24,MIA,,,0,0,0,,,,,,,,,,,,,West. Kentucky,College Stats
5,2016,6,207,Jeff Driskel,QB,23,SFO,,,0,0,0,,,,,,,,,,,,,Louisiana Tech,College Stats
6,2016,1,1,Jared Goff,QB,21,LAR,2016,2017,0,0,1,-2,20,20,09-11-00,372,623,4472,27,13,33,73,2,California,College Stats
7,2016,2,51,Christian Hackenberg,QB,21,NYJ,,,0,0,0,,,,,,,,,,,,,Penn St.,College Stats
8,2016,5,162,Kevin Hogan,QB,23,KAN,2016,2017,0,0,0,1,8,1,0-1-0,60,101,621,4,7,18,176,1,Stanford,College Stats
9,2016,4,139,Cardale Jones,QB,23,BUF,2016,2016,0,0,0,0,1,0,,6,11,96,0,1,1,-1,0,Ohio St.,College Stats
10,2016,3,93,Cody Kessler,QB,23,CLE,2016,2017,0,0,1,3,13,8,0-8-0,139,218,1506,6,3,12,17,0,USC,College Stats
11,2016,1,26,Paxton Lynch,QB,22,DEN,2016,2017,0,0,0,1,4,3,01-02-00,58,97,538,2,2,13,42,0,Memphis,College Stats
12,2016,4,135,Dak Prescott,QB,23,DAL,2016,2017,0,1,2,16,29,29,20-09-00,563,858,6419,44,13,102,570,11,Mississippi St.,College Stats
13,2016,6,191,Jake Rudock,QB,23,DET,2017,2017,0,0,0,0,3,0,,3,5,24,0,1,,,,Michigan,College Stats
14,2016,6,187,Nate Sudfeld,QB,22,WAS,,,0,0,0,,,,,,,,,,,,,Indiana,College Stats
15,2016,1,2,Carson Wentz,QB,23,PHI,2016,2017,0,0,2,10,29,29,18-11-00,644,1047,7078,49,21,110,449,2,North Dakota St.,College Stats
16,2015,3,75,Garrett Grayson,QB,24,NOR,2015,2015,0,0,0,0,1,0,,,,,,,,,,Colorado St.,College Stats
17,2015,5,147,Brett Hundley,QB,22,GNB,2016,2017,0,0,1,0,13,7,03-04-00,163,262,1551,8,9,31,205,2,UCLA,College Stats
18,2015,3,89,Sean Mannion,QB,23,STL,2015,2017,0,0,0,0,5,0,,10,14,62,0,1,6,-10,0,Oregon St.,College Stats
19,2015,1,2,Marcus Mariota,QB,21,TEN,2015,2017,0,0,3,22,39,39,19-20-0,730,1181,8826,55,33,139,825,9,Oregon,College Stats
20,2015,4,103,Bryce Petty,QB,24,NYJ,2016,2017,0,0,0,2,7,4,01-03-00,77,142,823,3,7,6,26,0,Baylor,College Stats
21,2015,7,250,Trevor Siemian,QB,23,DEN,2015,2017,0,0,2,9,25,23,11-11-00,490,826,5619,30,23,60,183,1,Northwestern,
22,2015,1,1,Jameis Winston,QB,21,TAM,2015,2017,0,1,3,24,42,42,17-25-0,863,1431,10607,64,41,129,457,7,Florida St.,College Stats
23,2014,1,3,Blake Bortles,QB,22,JAX,2014,2017,0,0,4,28,59,58,20-38-0,1250,2116,14062,85,59,217,1370,7,Central Florida,College Stats
24,2014,6,213,Tajh Boyd,QB,23,NYJ,,,0,0,0,,,,,,,,,,,,,Clemson,College Stats
25,2014,1,32,Teddy Bridgewater,QB,21,MIN,2014,2015,0,1,2,22,29,28,17-11-00,551,849,6150,28,21,91,401,4,Louisville,College Stats
26,2014,2,36,Derek Carr,QB,23,OAK,2014,2017,0,2,4,29,59,59,28-31-0,1323,2152,14136,99,41,115,315,0,Fresno St.,College Stats
27,2014,6,183,David Fales,QB,23,CHI,2016,2017,0,0,0,0,2,0,,2,6,22,0,0,1,0,0,San Jose St.,College Stats
28,2014,2,62,Jimmy Garoppolo,QB,22,NWE,2014,2017,0,0,0,3,20,4,4-0-0,111,166,1335,7,2,35,19,0,East. Illinois,
29,2014,6,214,Garrett Gilbert,QB,23,STL,,,0,0,0,,,,,,,,,,,,,SMU,College Stats
30,2014,1,22,Johnny Manziel,QB,21,CLE,2014,2015,0,0,0,5,15,8,02-06-00,147,258,1675,7,7,46,259,1,Texas A&M,College Stats
31,2014,5,164,A.J. McCarron,QB,23,CIN,2015,2017,0,0,0,3,10,3,02-01-00,83,127,901,6,2,14,31,0,Alabama,College Stats
32,2014,6,178,Zach Mettenberger,QB,23,TEN,2014,2015,0,0,0,1,14,10,0-10-0,208,345,2347,12,14,14,12,1,LSU,College Stats
33,2014,5,163,Aaron Murray,QB,23,KAN,,,0,0,0,,,,,,,,,,,,,Georgia,College Stats
34,2014,4,135,Tom Savage,QB,24,HOU,2014,2017,0,0,1,1,13,9,02-07-00,181,315,2000,5,7,16,8,0,Pittsburgh,College Stats
35,2014,4,120,Logan Thomas,QB,23,ARI,2014,2017,0,0,0,0,12,2,,1,9,81,1,0,,,,Virginia Tech,College Stats
36,2014,6,194,Keith Wenning,QB,23,BAL,,,0,0,0,,,,,,,,,,,,,Ball St.,College Stats
37,2013,4,98,Matt Barkley,QB,22,PHI,2013,2016,0,0,0,2,11,6,01-05-00,159,266,1911,8,18,12,0,0,USC,College Stats
38,2013,7,237,B.J. Daniels,QB,24,SFO,2015,2015,0,0,0,0,8,0,,1,2,7,0,0,6,6,0,South Florida,College Stats
39,2013,7,234,Zac Dysert,QB,23,DEN,,,0,0,0,,,,,,,,,,,,,Miami (OH),College Stats
40,2013,3,73,Mike Glennon,QB,23,TAM,2013,2017,0,0,1,11,27,22,6-16-0,467,770,4933,34,20,41,90,0,North Carolina St.,College Stats
41,2013,4,115,Landry Jones,QB,24,PIT,2013,2017,0,0,0,3,17,4,02-02-00,85,141,1071,7,6,14,-12,0,Oklahoma,College Stats
42,2013,1,16,EJ Manuel,QB,23,BUF,2013,2017,0,0,1,10,30,18,06-12-00,343,590,3767,20,16,96,339,4,Florida St.,College Stats
43,2013,4,110,Ryan Nassib,QB,23,NYG,2014,2015,0,0,0,0,5,0,,9,10,128,1,0,2,-3,0,Syracuse,College Stats
44,2013,7,249,Sean Renfree,QB,23,ATL,2015,2015,0,0,0,0,2,0,,3,7,11,0,1,1,-4,0,Duke,College Stats
45,2013,2,39,Geno Smith,QB,22,NYJ,2013,2017,0,0,2,15,35,31,12-19-0,522,902,6174,29,36,139,659,7,West Virginia,College Stats
46,2013,7,221,Brad Sorensen,QB,25,SDG,,,0,0,0,,,,,,,,,,,,,Southern Utah,
47,2013,4,112,Tyler Wilson,QB,24,OAK,,,0,0,0,,,,,,,,,,,,,Arkansas,College Stats
48,2012,7,243,B.J. Coleman,QB,23,GNB,2012,2012,0,0,0,0,,,,,,,,,,,,Tenn-Chattanooga,
49,2012,4,102,Kirk Cousins,QB,24,WAS,2012,2017,0,1,3,30,59,54,24-29-1,1315,1996,15553,94,51,115,359,12,Michigan St.,College Stats
50,2012,3,88,Nick Foles,QB,23,PHI,2012,2017,0,1,3,23,46,36,20-16-0,786,1299,9313,56,27,113,350,5,Arizona,College Stats
51,2012,1,2,Robert Griffin,QB,22,WAS,2012,2016,0,1,2,35,42,40,15-25-0,766,1210,8983,42,26,275,1670,10,Baylor,College Stats
52,2012,7,253,Chandler Harnish,QB,24,IND,2012,2012,0,0,0,0,,,,,,,,,,,,Northern Illinois,College Stats
53,2012,6,185,Ryan Lindley,QB,23,ARI,2012,2015,0,0,0,-4,10,6,01-05-00,140,274,1372,3,11,4,7,0,San Diego St.,College Stats
54,2012,1,1,Andrew Luck,QB,22,IND,2012,2016,0,3,4,59,70,70,43-27-0,1570,2651,19078,132,68,286,1442,14,Stanford,College Stats
55,2012,2,57,Brock Osweiler,QB,21,DEN,2012,2017,0,0,1,10,41,24,13-11-00,550,932,5784,29,26,76,203,3,Arizona St.,College Stats
56,2012,1,8,Ryan Tannehill,QB,24,MIA,2012,2016,0,0,5,50,77,77,37-40-0,1653,2637,18455,106,66,216,1065,6,Texas A&M,College Stats
57,2012,1,22,Brandon Weeden,QB,28,CLE,2012,2017,0,0,1,14,35,25,6-19-0,559,965,6462,31,30,61,201,1,Oklahoma St.,College Stats
58,2012,3,75,Russell Wilson,QB,23,SEA,2012,2017,0,3,6,76,93,93,64-28-1,1769,2754,21720,156,56,559,3171,16,Wisconsin,College Stats
59,2011,2,35,Andy Dalton,QB,23,CIN,2011,2017,0,3,7,64,106,106,61-43-2,2156,3449,24961,163,90,341,1052,18,TCU,College Stats
60,2011,5,160,Nathan Enderle,QB,23,CHI,,,0,0,0,,,,,,,,,,,,,Idaho,College Stats
61,2011,1,10,Blaine Gabbert,QB,21,JAX,2011,2017,0,0,3,12,47,44,11-33-0,765,1356,8248,44,42,164,603,3,Missouri,College Stats
62,2011,2,36,Colin Kaepernick,QB,23,SFO,2011,2016,0,0,4,45,69,58,28-30-0,1011,1692,12271,72,30,375,2300,13,Nevada,College Stats
63,2011,1,8,Jake Locker,QB,23,TEN,2011,2014,0,0,1,15,30,23,9-14-0,408,709,4967,27,22,95,644,5,Washington,College Stats
64,2011,3,74,Ryan Mallett,QB,23,NWE,2012,2017,0,0,0,4,21,8,03-05-00,190,345,1835,9,10,28,-5,1,Arkansas,College Stats
65,2011,7,208,Greg McElroy,QB,23,NYJ,2012,2012,0,0,0,1,2,1,0-1-0,19,31,214,1,1,8,30,0,Alabama,College Stats
66,2011,1,1,Cam Newton,QB,22,CAR,2011,2017,1,3,7,84,106,105,60-44-1,1951,3330,24492,153,90,789,4151,53,Auburn,College Stats
67,2011,1,12,Christian Ponder,QB,23,MIN,2011,2014,0,0,3,22,38,36,14-21-1,632,1057,6658,38,36,126,639,7,Florida St.,College Stats
68,2011,5,135,Ricky Stanzi,QB,24,KAN,2012,2012,0,0,0,0,,,,,,,,,,,,Iowa,
69,2011,6,180,Tyrod Taylor,QB,22,BAL,2011,2017,0,1,3,28,55,40,20-19-0,736,1177,8347,49,18,295,1618,14,Virginia Tech,College Stats
70,2011,5,152,T.J. Yates,QB,24,HOU,2011,2017,0,0,0,4,19,7,04-03-00,146,253,1709,8,8,26,87,1,North Carolina,College Stats
71,2010,1,1,Sam Bradford,QB,22,STL,2010,2017,0,0,5,42,80,80,34-45-1,1805,2887,19049,101,57,144,333,2,Oklahoma,College Stats
72,2010,7,209,Levi Brown,QB,23,BUF,2010,2010,0,0,0,0,1,0,,2,3,24,0,1,,,,Troy,College Stats
73,2010,7,239,Sean Canfield,QB,24,NOR,,,0,0,0,,,,,,,,,,,,,Oregon St.,
74,2010,2,48,Jimmy Clausen,QB,22,CAR,2010,2015,0,0,1,3,22,14,1-13-0,255,472,2520,7,14,37,102,0,Notre Dame,College Stats
75,2010,5,168,Jonathan Crompton,QB,23,SDG,,,0,0,0,,,,,,,,,,,,,Tennessee,
76,2010,4,122,Mike Kafka,QB,23,PHI,2011,2011,0,0,0,0,4,0,,11,16,107,0,2,3,0,0,Northwestern,College Stats
77,2010,6,181,Dan LeFevour,QB,23,CHI,,,0,0,0,,,,,,,,,,,,,Central Michigan,
78,2010,3,85,Colt McCoy,QB,23,CLE,2010,2017,0,0,2,12,35,25,7-18-0,508,842,5586,26,23,118,420,2,Texas,College Stats
79,2010,6,204,Tony Pike,QB,24,CAR,2010,2010,0,0,0,0,1,0,,6,12,47,0,0,,,,Cincinnati,College Stats
80,2010,7,250,Zac Robinson,QB,23,NWE,2012,2012,0,0,0,0,,,,,,,,,,,,Oklahoma St.,
81,2010,5,155,John Skelton,QB,22,ARI,2010,2012,0,0,0,4,20,17,08-09-00,320,602,3707,15,25,42,182,0,Fordham,
82,2010,6,176,Rusty Smith,QB,23,TEN,2010,2012,0,0,0,1,3,1,0-1-0,23,45,234,0,4,,,,Florida Atlantic,College Stats
83,2010,1,25,Tim Tebow,QB,23,DEN,2010,2012,0,0,1,12,35,16,08-06-00,173,361,2422,17,9,197,989,12,Florida,College Stats
84,2009,5,151,Rhett Bomar,QB,24,NYG,,,0,0,0,,,,,,,,,,,,,Sam Houston St.,
85,2009,6,174,Tom Brandstater,QB,24,DEN,2011,2011,0,0,0,0,1,0,,0,2,0,0,0,,,,Fresno St.,College Stats
86,2009,5,171,Nate Davis,QB,22,SFO,,,0,0,0,,,,,,,,,,,,,Ball St.,
87,2009,1,17,Josh Freeman,QB,21,TAM,2009,2015,0,0,4,38,62,61,25-36-0,1179,2048,13873,81,68,205,946,4,Kansas St.,College Stats
88,2009,4,101,Stephen McGee,QB,23,DAL,2010,2011,0,0,0,2,3,1,1-0-0,46,82,420,3,0,17,102,0,Texas A&M,College Stats
89,2009,6,196,Keith Null,QB,23,STL,2009,2009,0,0,0,1,4,4,0-4-0,73,119,566,3,9,5,6,0,West Texas A&M,
90,2009,6,201,Curtis Painter,QB,24,IND,2009,2013,0,0,1,2,14,8,0-8-0,148,287,1681,6,13,23,109,0,Purdue,College Stats
91,2009,1,5,Mark Sanchez,QB,22,NYJ,2009,2016,0,0,5,34,77,72,37-35-0,1295,2285,15219,86,86,169,449,13,USC,College Stats
92,2009,1,1,Matthew Stafford,QB,21,DET,2009,2017,0,1,8,75,122,122,58-64-0,2941,4753,33986,210,117,267,941,14,Georgia,College Stats
93,2009,6,178,Mike Teel,QB,23,SEA,,,0,0,0,,,,,,,,,,,,,Rutgers,
94,2009,2,44,Pat White,QB,23,MIA,2009,2009,0,0,0,1,13,0,,0,5,0,0,0,21,81,0,West Virginia,College Stats
95,2008,5,137,John David Booty,QB,,MIN,,,0,0,0,,,,,,,,,,,,,USC,
96,2008,5,162,Erik Ainge,QB,22,NYJ,,,0,0,0,,,,,,,,,,,,,Tennessee,College Stats
97,2008,6,186,Colt Brennan,QB,25,WAS,,,0,0,0,,,,,,,,,,,,,Hawaii,College Stats
98,2008,7,223,Alex Brink,QB,23,HOU,,,0,0,0,,,,,,,,,,,,,Washington St.,College Stats
99,2008,2,56,Brian Brohm,QB,22,GNB,2009,2010,0,0,0,0,3,2,0-2-0,27,52,252,0,5,3,-3,0,Louisville,College Stats
100,2008,5,156,Dennis Dixon,QB,23,PIT,2008,2012,0,0,0,2,4,3,02-01-00,35,59,402,1,2,10,56,1,Oregon,College Stats
101,2008,1,18,Joe Flacco,QB,23,BAL,2008,2017,0,0,10,81,151,151,90-61-0,3187,5164,35052,195,129,318,765,15,Delaware,College Stats
102,2008,7,209,Matt Flynn,QB,23,GNB,2008,2014,0,0,0,8,53,7,03-04-00,219,357,2541,17,11,65,69,1,LSU,College Stats
103,2008,2,57,Chad Henne,QB,23,MIA,2008,2017,0,0,3,27,66,53,18-35-0,1159,1956,12931,58,63,120,357,3,Michigan,College Stats
104,2008,5,160,Josh Johnson,QB,22,TAM,2009,2013,0,0,0,4,29,5,0-5-0,96,177,1042,5,10,44,274,0,San Diego,
105,2008,3,94,Kevin O'Connell,QB,23,NWE,2008,2008,0,0,0,0,2,0,,4,6,23,0,0,3,-6,0,San Diego St.,College Stats
106,2008,1,3,Matt Ryan,QB,23,ATL,2008,2017,1,4,10,111,155,155,93-62-0,3563,5481,40979,257,125,343,973,5,Boston Col.,College Stats
107,2008,6,198,Andre Woodson,QB,24,NYG,,,0,0,0,,,,,,,,,,,,,Kentucky,College Stats
108,2007,2,40,John Beck,QB,26,MIA,2007,2011,0,0,0,4,9,7,0-7-0,140,239,1417,3,7,19,55,3,BYU,College Stats
109,2007,3,92,Trent Edwards,QB,23,BUF,2007,2012,0,0,2,17,38,33,14-19-0,563,929,6033,26,30,78,330,3,Stanford,College Stats
110,2007,2,36,Kevin Kolb,QB,23,PHI,2007,2012,0,0,1,12,34,21,09-12-00,449,755,5206,28,25,69,229,2,Houston,College Stats
111,2007,6,205,Jordan Palmer,QB,23,WAS,2008,2014,0,0,0,0,5,0,,11,18,66,0,2,2,3,0,Texas-El Paso,College Stats
112,2007,1,22,Brady Quinn,QB,22,CLE,2007,2012,0,0,2,2,24,20,4-16-0,296,550,3043,12,17,44,185,1,Notre Dame,College Stats
113,2007,5,151,Jeff Rowe,QB,23,CIN,2007,2007,0,0,0,0,2,0,,,,,,,,,,Nevada,
114,2007,1,1,JaMarcus Russell,QB,22,OAK,2007,2009,0,0,2,6,31,25,7-18-0,354,680,4083,18,23,40,175,1,LSU,College Stats
115,2007,5,174,Troy Smith,QB,23,BAL,2007,2010,0,0,0,6,20,8,04-04-00,121,234,1734,8,5,52,230,3,Ohio St.,College Stats
116,2007,4,103,Isaiah Stanback,QB,23,DAL,2007,2012,0,0,0,0,22,2,,,,,,,,,,Washington,College Stats
117,2007,2,43,Drew Stanton,QB,23,DET,2008,2017,0,0,1,10,36,15,09-06-00,310,591,3705,17,21,77,220,2,Michigan St.,College Stats
118,2007,7,217,Tyler Thigpen,QB,23,MIN,2007,2012,0,0,1,10,29,12,01-11-00,275,509,3222,21,18,79,469,3,Coastal Carolina,
119,2006,5,164,Omar Jacobs,QB,,PIT,,,0,0,0,,,,,,,,,,,,,Bowling Green,College Stats
120,2006,7,223,D.J. Shockley,QB,,ATL,,,0,0,0,,,,,,,,,,,,,Georgia,College Stats
121,2006,2,49,Kellen Clemens,QB,23,NYJ,2006,2017,0,0,2,10,61,21,8-13-0,350,638,4053,16,21,83,229,3,Oregon,College Stats
122,2006,3,85,Brodie Croyle,QB,23,KAN,2006,2010,0,0,0,2,18,10,0-10-0,181,319,1669,8,9,10,15,0,Alabama,College Stats
123,2006,1,11,Jay Cutler,QB,23,DEN,2006,2017,0,1,10,84,149,149,73-76-0,2975,4793,34304,223,157,378,1671,9,Vanderbilt,College Stats
124,2006,6,194,Bruce Gradkowski,QB,23,TAM,2006,2014,0,0,1,8,37,20,6-14-0,375,709,4057,21,24,88,329,0,Toledo,College Stats
125,2006,2,64,Tarvaris Jackson,QB,23,MIN,2006,2015,0,0,2,21,59,34,17-17-0,640,1073,7263,39,35,171,636,6,Alabama St.,College Stats
126,2006,1,10,Matt Leinart,QB,23,ARI,2006,2012,0,0,1,12,33,18,08-10-00,366,641,4065,15,21,47,89,2,USC,College Stats
127,2006,5,148,Ingle Martin,QB,24,GNB,2006,2006,0,0,0,0,1,0,,,,,,,2,-5,0,Furman,
128,2006,6,193,Reggie McNeal,QB,22,CIN,2006,2006,0,0,0,0,7,0,,,,,,,1,8,0,Texas A&M,College Stats
129,2006,4,103,Brad Smith,QB,22,NYJ,2006,2014,0,0,1,17,127,24,,4,10,51,1,2,134,972,4,Missouri,College Stats
130,2006,3,81,Charlie Whitehurst,QB,24,SDG,2006,2016,0,0,0,7,26,9,02-07-00,219,396,2463,11,8,56,156,2,Clemson,College Stats
131,2006,1,3,Vince Young,QB,23,TEN,2006,2011,0,2,4,33,60,50,31-19-0,755,1304,8964,46,51,282,1459,12,Texas,College Stats
132,2005,3,85,David Greene,QB,,SEA,,,0,0,0,,,,,,,,,,,,,Georgia,College Stats
133,2005,4,121,Stefan Lefors,QB,,CAR,,,0,0,0,,,,,,,,,,,,,Louisville,College Stats
134,2005,5,152,Adrian McPherson,QB,,NOR,,,0,0,0,,,,,,,,,,,,,Florida St.,
135,2005,7,229,James Kilian,QB,,KAN,,,0,0,0,,,,,,,,,,,,,Tulsa,College Stats
136,2005,6,213,Derek Anderson,QB,22,BAL,2006,2017,0,1,3,22,75,47,20-27-0,867,1603,10413,60,60,101,227,5,Oregon St.,College Stats
137,2005,1,25,Jason Campbell,QB,23,WAS,2006,2014,0,0,5,47,90,79,32-47-0,1519,2518,16771,87,60,240,1204,6,Auburn,College Stats
138,2005,7,230,Matt Cassel,QB,23,NWE,2005,2017,0,1,5,46,107,81,36-45-0,1571,2666,17449,104,81,266,1012,5,USC,College Stats
139,2005,7,250,Ryan Fitzpatrick,QB,22,STL,2005,2017,0,0,9,64,133,119,48-70-1,2411,4039,26991,173,136,453,2077,13,Harvard,
140,2005,3,67,Charlie Frye,QB,24,CLE,2005,2009,0,0,1,8,26,23,7-16-0,419,677,4154,17,29,72,347,4,Akron,College Stats
141,2005,5,145,Dan Orlovsky,QB,22,DET,2005,2015,0,0,0,7,27,12,02-10-00,298,512,3132,15,13,13,34,0,Connecticut,College Stats
142,2005,4,106,Kyle Orton,QB,22,CHI,2005,2014,0,0,5,41,87,82,42-40-0,1613,2712,18037,101,69,126,296,4,Purdue,College Stats
143,2005,1,24,Aaron Rodgers,QB,21,GNB,2005,2017,2,6,9,124,149,141,94-47-0,3162,4850,38212,310,75,519,2627,25,California,College Stats
144,2005,1,1,Alex Smith,QB,21,SFO,2005,2017,0,2,10,81,154,149,86-62-1,2829,4544,31353,180,96,522,2407,14,Utah,College Stats
145,2005,3,69,Andrew Walter,QB,23,OAK,2006,2008,0,0,1,1,15,9,02-07-00,174,333,1919,3,16,19,49,0,Arizona St.,College Stats
146,2004,7,248,B.J. Symons,QB,,HOU,,,0,0,0,,,,,,,,,,,,,Texas Tech,College Stats
147,2004,6,201,Jeff Smoker,QB,,STL,,,0,0,0,,,,,,,,,,,,,Michigan St.,College Stats
148,2004,7,218,Casey Bramlet,QB,,CIN,,,0,0,0,,,,,,,,,,,,,Wyoming,
149,2004,6,187,Josh Harris,QB,,BAL,,,0,0,0,,,,,,,,,,,,,Bowling Green,College Stats
150,2004,6,185,Andy Hall,QB,23,PHI,2005,2005,0,0,0,0,1,0,,,,,,,,,,Delaware,College Stats
151,2004,5,148,Craig Krenzel,QB,23,CHI,2004,2004,0,0,0,1,6,5,03-02-00,59,127,718,3,6,18,41,0,Ohio St.,College Stats
152,2004,1,22,J.P. Losman,QB,23,BUF,2004,2011,0,0,2,19,45,33,10-23-0,564,952,6271,33,34,105,490,3,Tulane,College Stats
153,2004,1,1,Eli Manning,QB,23,SDG,2004,2017,0,4,13,109,213,211,110-101-0,4350,7266,50853,335,224,292,539,6,Mississippi,College Stats
154,2004,7,225,Matt Mauck,QB,25,DEN,2005,2005,0,0,0,1,2,1,0-1-0,15,27,136,0,1,7,39,0,LSU,College Stats
155,2004,4,106,Luke McCown,QB,23,CLE,2004,2015,0,0,0,8,62,10,02-08-00,216,356,2370,9,15,34,177,0,Louisiana Tech,College Stats
156,2004,7,202,John Navarre,QB,23,ARI,2004,2005,0,0,0,0,2,1,0-1-0,32,64,342,2,5,,,,Michigan,College Stats
157,2004,7,217,Cody Pickett,QB,24,SFO,2004,2005,0,0,0,1,6,2,0-2-0,18,45,195,0,4,14,47,0,Washington,College Stats
158,2004,1,4,Philip Rivers,QB,22,NYG,2004,2017,0,6,12,128,193,189,104-85-0,4101,6379,49444,337,163,333,568,3,North Carolina St.,College Stats
159,2004,1,11,Ben Roethlisberger,QB,22,PIT,2004,2017,0,5,14,113,198,196,134-62-0,4122,6434,50558,325,173,434,1243,16,Miami (OH),College Stats
160,2004,3,90,Matt Schaub,QB,23,ATL,2004,2016,0,2,7,69,145,92,47-45-0,2093,3274,24867,133,90,189,360,4,Virginia,College Stats
161,2004,6,193,Jim Sorgi,QB,23,IND,2004,2009,0,0,0,5,16,0,,99,156,929,6,1,31,0,0,Wisconsin,College Stats
162,2004,7,250,Bradlee Van Pelt,QB,24,DEN,2005,2005,0,0,0,0,3,0,,2,8,7,0,0,11,48,1,Colorado St.,College Stats
163,2003,1,19,Kyle Boller,QB,22,BAL,2003,2011,0,0,4,17,67,47,20-27-0,861,1519,8931,48,54,176,572,2,California,College Stats
164,2003,6,200,Brooks Bollinger,QB,23,NYJ,2004,2008,0,0,1,6,21,10,02-08-00,211,360,2226,9,9,41,155,0,Wisconsin,College Stats
165,2003,7,241,Ken Dorsey,QB,22,SFO,2004,2008,0,0,0,1,17,13,02-11-00,214,408,2082,8,18,11,18,0,Miami (FL),College Stats
166,2003,1,22,Rex Grossman,QB,23,CHI,2003,2012,0,0,2,23,54,47,25-22-0,863,1562,10232,56,60,81,106,4,Florida,College Stats
167,2003,7,232,Gibran Hamdan,QB,22,WAS,2003,2003,0,0,0,0,1,0,,1,2,7,0,0,,,,Indiana,College Stats
168,2003,6,192,Drew Henson,QB,23,HOU,2004,2008,0,0,0,0,9,1,1-0-0,11,20,98,1,1,1,7,0,Michigan,College Stats
169,2003,6,201,Kliff Kingsbury,QB,24,NWE,2005,2005,0,0,0,0,1,0,,1,2,17,0,0,,,,Texas Tech,College Stats
170,2003,1,7,Byron Leftwich,QB,23,JAX,2003,2012,0,0,3,33,60,50,24-26-0,930,1605,10532,58,42,137,415,10,Marshall,College Stats
171,2003,1,1,Carson Palmer,QB,23,CIN,2004,2017,0,3,12,106,182,181,92-88-1,3941,6307,46247,294,187,301,474,8,USC,College Stats
172,2003,3,88,Dave Ragone,QB,23,HOU,2003,2003,0,0,0,1,2,2,0-2-0,20,40,135,0,1,6,51,0,Louisville,College Stats
173,2003,3,97,Chris Simms,QB,23,TAM,2004,2009,0,0,1,8,23,16,07-09-00,297,511,3117,12,18,33,48,1,Texas,College Stats
174,2003,5,163,Brian St. Pierre,QB,23,PIT,2004,2010,0,0,0,0,3,1,0-1-0,15,33,185,2,3,5,-1,0,Boston Col.,College Stats
175,2003,4,110,Seneca Wallace,QB,23,SEA,2005,2013,0,0,1,14,64,22,6-16-0,468,788,4947,31,19,68,293,1,Iowa St.,College Stats
176,2002,7,236,Wes Pate,QB,,BAL,,,0,0,0,,,,,,,,,,,,,S.F. Austin,
177,2002,5,163,Brandon Doman,QB,,SFO,,,0,0,0,,,,,,,,,,,,,BYU,College Stats
178,2002,7,216,Seth Burford,QB,,SDG,,,0,0,0,,,,,,,,,,,,,Cal Poly-San Luis Obispo,
179,2002,6,205,Steve Bellisari,QB,,STL,,,0,0,0,,,,,,,,,,,,,Ohio St.,College Stats
180,2002,1,1,David Carr,QB,23,HOU,2002,2012,0,0,5,44,94,79,23-56-0,1353,2267,14452,65,71,305,1328,9,Fresno St.,College Stats
181,2002,4,117,Rohan Davey,QB,24,NWE,2002,2004,0,0,0,0,7,0,,8,19,88,0,0,6,-5,0,LSU,College Stats
182,2002,5,137,Randy Fasani,QB,23,CAR,2002,2002,0,0,0,1,4,1,0-1-0,15,44,171,0,4,18,95,0,Stanford,College Stats
183,2002,4,108,David Garrard,QB,24,JAX,2002,2010,0,1,5,61,86,76,39-37-0,1406,2281,16003,89,54,380,1746,17,East Carolina,College Stats
184,2002,1,3,Joey Harrington,QB,23,DET,2002,2007,0,0,6,30,81,76,26-50-0,1424,2538,14693,79,85,142,402,0,Oregon,College Stats
185,2002,7,232,Jeff Kelly,QB,23,SEA,,,0,0,0,,,,,,,,,,,,,Southern Miss,College Stats
186,2002,5,158,Kurt Kittner,QB,22,ATL,2003,2003,0,0,0,1,7,4,01-03-00,44,114,391,2,6,8,13,0,Illinois,College Stats
187,2002,3,81,Josh McCown,QB,23,ARI,2002,2017,0,0,5,32,95,73,23-50-0,1521,2518,17168,97,78,241,1076,13,Sam Houston St.,College Stats
188,2002,5,164,Craig Nall,QB,23,GNB,2003,2007,0,0,0,1,7,0,,30,48,402,5,0,10,11,0,LSU,College Stats
189,2002,6,186,J.T. O'Sullivan,QB,23,NOR,2004,2009,0,0,1,6,17,8,02-06-00,145,257,1866,9,13,39,145,0,California-Davis,
190,2002,1,32,Patrick Ramsey,QB,23,WAS,2002,2008,0,0,1,14,37,24,10-14-0,511,913,5930,35,30,47,89,2,Tulane,College Stats
191,2001,6,172,Josh Booty,QB,,SEA,,,0,0,0,,,,,,,,,,,,,LSU,College Stats
192,2001,6,177,Josh Heupel,QB,,MIA,,,0,0,0,,,,,,,,,,,,,Oklahoma,College Stats
193,2001,2,32,Drew Brees,QB,22,SDG,2001,2017,1,10,16,153,246,245,140-105-0,6153,9200,69680,484,226,434,739,18,Purdue,College Stats
194,2001,2,53,Quincy Carter,QB,23,DAL,2001,2004,0,0,2,17,38,34,18-16-0,542,960,6337,32,37,152,518,3,Georgia,College Stats
195,2001,5,155,A.J. Feeley,QB,24,PHI,2001,2011,0,0,1,7,28,18,08-10-00,425,762,4618,28,31,37,49,1,Oregon,College Stats
196,2001,5,149,Mike McMahon,QB,22,DET,2001,2005,0,0,0,6,29,14,03-11-00,229,515,2867,15,21,82,409,7,Rutgers,College Stats
197,2001,4,125,Jesse Palmer,QB,22,NYG,2002,2003,0,0,0,1,8,3,0-3-0,63,120,562,3,4,5,20,0,Florida,College Stats
198,2001,4,109,Sage Rosenfels,QB,23,WAS,2002,2010,0,0,0,13,44,12,06-06-00,351,562,4156,30,29,48,95,1,Iowa St.,College Stats
199,2001,2,59,Marques Tuiasosopo,QB,22,OAK,2001,2008,0,0,0,1,13,2,0-2-0,49,90,554,2,7,17,79,0,Washington,College Stats
200,2001,1,1,Michael Vick,QB,21,ATL,2001,2015,0,4,7,93,143,115,61-51-1,1807,3217,22464,133,88,873,6109,36,Virginia Tech,College Stats
201,2001,4,106,Chris Weinke,QB,29,CAR,2001,2007,0,0,1,9,29,20,2-18-0,386,709,3904,15,26,54,148,6,Florida St.,College Stats
202,2000,6,205,JaJuan Seider,QB,,SDG,,,0,0,0,,,,,,,,,,,,,Florida A&M,
203,2000,3,65,Giovanni Carmazzi,QB,,SFO,,,0,0,0,,,,,,,,,,,,,Hofstra,
204,2000,6,199,Tom Brady,QB,23,NWE,2000,2017,2,12,16,164,249,247,193-54-0,5544,8662,65214,482,156,553,964,17,Michigan,College Stats
205,2000,6,168,Marc Bulger,QB,23,NOR,2002,2009,0,2,7,57,96,95,41-54-0,1969,3171,22814,122,93,118,300,8,West Virginia,College Stats
206,2000,7,234,Joe Hamilton,QB,23,TAM,2000,2000,0,0,0,0,1,0,,0,0,0,0,0,1,-2,0,Georgia Tech,College Stats
207,2000,6,202,Todd Husak,QB,22,WAS,2000,2000,0,0,0,0,1,0,,2,2,-2,0,0,1,-1,0,Stanford,College Stats
208,2000,7,214,Jarious Jackson,QB,23,DEN,2000,2003,0,0,0,0,5,1,0-1-0,11,22,114,0,1,7,15,0,Notre Dame,College Stats
209,2000,5,163,Tee Martin,QB,22,PIT,2001,2003,0,0,0,0,3,0,,6,16,69,0,1,6,36,0,Tennessee,College Stats
210,2000,1,18,Chad Pennington,QB,24,NYJ,2000,2010,0,0,6,55,89,81,44-37-0,1632,2471,17823,102,64,180,465,7,Marshall,College Stats
211,2000,7,212,Tim Rattay,QB,23,SFO,2000,2007,0,0,1,12,40,18,5-13-0,432,714,4853,31,23,45,77,0,Louisiana Tech,College Stats
212,2000,3,75,Chris Redman,QB,23,BAL,2000,2011,0,0,0,9,31,12,04-08-00,286,500,3179,21,14,33,25,0,Louisville,College Stats
213,2000,6,183,Spergon Wynn,QB,22,CLE,2000,2001,0,0,0,2,10,3,0-3-0,70,152,585,1,7,11,76,0,Texas St.,College Stats
214,1999,5,151,Kevin Daft,QB,,TEN,,,0,0,0,,,,,,,,,,,,,California-Davis,
215,1999,7,227,Michael Bishop,QB,23,NWE,2000,2000,0,0,0,0,8,0,,3,9,80,1,1,7,-1,0,Kansas St.,College Stats
216,1999,4,131,Aaron Brooks,QB,23,GNB,2000,2006,0,0,6,65,93,90,38-52-0,1673,2963,20261,123,92,362,1534,13,Virginia,College Stats
217,1999,1,1,Tim Couch,QB,22,CLE,1999,2003,0,0,4,30,62,59,22-37-0,1025,1714,11131,64,67,124,556,2,Kentucky,College Stats
218,1999,7,245,Scott Covington,QB,23,CIN,1999,2002,0,0,0,0,4,1,1-0-0,6,10,30,0,0,2,-4,0,Miami (FL),College Stats
219,1999,1,11,Daunte Culpepper,QB,22,MIN,1999,2009,0,3,5,86,105,100,41-59-0,2016,3199,24153,149,106,514,2652,34,Central Florida,College Stats
220,1999,4,101,Joe Germaine,QB,24,STL,1999,1999,0,0,0,1,3,0,,9,16,136,1,2,3,0,0,Ohio St.,College Stats
221,1999,7,239,Chris Greisen,QB,23,ARI,1999,2000,0,0,0,0,5,0,,7,16,69,1,0,1,1,0,NW Missouri St.,
222,1999,3,77,Brock Huard,QB,23,SEA,2000,2003,0,0,0,2,8,4,0-4-0,60,107,689,4,2,9,48,0,Washington,College Stats
223,1999,2,50,Shaun King,QB,22,TAM,1999,2004,0,0,0,18,34,24,14-10-00,415,738,4566,27,24,113,454,5,Tulane,College Stats
224,1999,1,2,Donovan McNabb,QB,22,PHI,1999,2011,0,6,11,107,167,161,98-62-1,3170,5374,37276,234,117,616,3459,29,Syracuse,College Stats
225,1999,1,12,Cade McNown,QB,22,CHI,1999,2000,0,0,0,7,25,15,03-12-00,281,515,3111,16,19,82,486,3,UCLA,College Stats
226,1999,1,3,Akili Smith,QB,24,CIN,1999,2002,0,0,1,1,22,17,3-14-0,215,461,2212,5,13,70,371,1,Oregon,College Stats
227,1998,6,172,John Dutton,QB,,MIA,,,0,0,0,,,,,,,,,,,,,Nevada,College Stats
228,1998,2,60,Charlie Batch,QB,23,DET,1998,2012,0,0,4,33,81,55,25-30-0,908,1604,11085,61,52,172,637,6,East. Michigan,College Stats
229,1998,3,91,Brian Griese,QB,23,DEN,1998,2008,0,1,4,52,93,83,45-38-0,1752,2796,19440,119,99,238,582,5,Michigan,College Stats
230,1998,6,187,Matt Hasselbeck,QB,22,GNB,1999,2015,0,3,11,88,209,160,85-75-0,3222,5330,36638,212,153,365,1231,8,Boston Col.,College Stats
231,1998,1,2,Ryan Leaf,QB,22,SDG,1998,2001,0,0,0,1,25,21,4-17-0,317,655,3666,14,36,59,127,0,Washington St.,College Stats
232,1998,1,1,Peyton Manning,QB,22,IND,1998,2015,7,14,17,177,266,265,186-79-0,6125,9380,71940,539,251,431,667,18,Tennessee,College Stats
233,1998,7,232,Moses Moreno,QB,23,CHI,1998,2000,0,0,0,1,9,3,0-3-0,51,103,485,1,2,9,29,0,Colorado St.,College Stats
234,1998,3,86,Jonathan Quinn,QB,23,JAX,1998,2004,0,0,0,4,17,6,01-05-00,117,223,1161,4,7,25,151,1,Middle Tenn. St.,College Stats
235,1997,7,237,Tony Corbin,QB,,SDG,,,0,0,0,,,,,,,,,,,,,Cal State-Sacramento,
236,1997,7,240,Ron McAda,QB,,GNB,,,0,0,0,,,,,,,,,,,,,Army,College Stats
237,1997,4,110,Pat Barnes,QB,22,KAN,1999,1999,0,0,0,0,1,0,,,,,,,,,,California,College Stats
238,1997,6,171,Mike Cherry,QB,23,NYG,1997,1998,0,0,0,0,2,0,,0,1,0,0,0,4,-5,0,Murray St.,College Stats
239,1997,6,191,Chuck Clements,QB,23,NYJ,1997,1997,0,0,0,0,1,0,,,,,,,2,-3,0,Houston,College Stats
240,1997,7,207,Koy Detmer,QB,24,PHI,1998,2006,0,0,0,4,104,8,03-05-00,184,354,1944,10,14,31,30,1,Colorado,College Stats
241,1997,1,26,Jim Druckenmiller,QB,24,SFO,1997,1998,0,0,0,1,6,1,1-0-0,21,52,239,1,4,13,-10,0,Virginia Tech,College Stats
242,1997,7,204,Tony Graziani,QB,23,ATL,1997,1999,0,0,0,3,18,5,02-03-00,85,174,999,2,8,16,51,0,Oregon,College Stats
243,1997,2,42,Jake Plummer,QB,22,ARI,1997,2006,0,1,10,77,143,136,69-67-0,2484,4350,29253,161,161,428,1853,17,Arizona St.,College Stats
244,1997,7,234,Wally Richardson,QB,23,BAL,1998,1998,0,0,0,0,1,0,,1,2,1,0,0,1,0,0,Penn St.,College Stats
245,1997,4,99,Danny Wuerffel,QB,23,NOR,1997,2002,0,0,0,6,25,10,04-06-00,184,350,2123,12,22,31,189,1,Florida,College Stats
246,1996,7,240,Kyle Wachholtz,QB,,GNB,,,0,0,0,,,,,,,,,,,,,USC,College Stats
247,1996,7,238,Jon Stark,QB,,BAL,,,0,0,0,,,,,,,,,,,,,,
248,1996,6,205,Mike Cawley,QB,,IND,,,0,0,0,,,,,,,,,,,,,James Madison,
249,1996,6,203,Spence Fischer,QB,,PIT,,,0,0,0,,,,,,,,,,,,,Duke,College Stats
250,1996,2,42,Tony Banks,QB,23,STL,1996,2005,0,0,5,42,96,78,35-43-0,1278,2356,15315,77,73,246,881,6,Michigan St.,College Stats
251,1996,3,85,Bobby Hoying,QB,23,PHI,1996,2000,0,0,1,3,22,13,03-09-01,244,456,2544,11,15,42,156,0,Ohio St.,College Stats
252,1996,4,130,Danny Kanell,QB,22,NYG,1996,2003,0,0,2,13,43,24,10-13-1,491,956,5129,31,34,44,49,0,Florida St.,College Stats
253,1996,4,100,Jeff Lewis,QB,23,DEN,1996,2000,0,0,0,2,12,0,,28,54,210,0,2,21,78,0,Northern Arizona,
254,1995,6,191,Jerry Colquitt,QB,,CAR,,,0,0,0,,,,,,,,,,,,,Tennessee,College Stats
255,1995,4,111,Chad May,QB,,MIN,,,0,0,0,,,,,,,,,,,,,Kansas St.,College Stats
256,1995,5,160,Jay Barker,QB,,GNB,,,0,0,0,,,,,,,,,,,,,Alabama,College Stats
257,1995,7,213,John Walsh,QB,,CIN,,,0,0,0,,,,,,,,,,,,,BYU,College Stats
258,1995,4,119,Dave Barr,QB,23,PHI,1995,1995,0,0,0,0,2,0,,5,9,42,0,0,1,5,0,California,College Stats
259,1995,3,80,Stoney Case,QB,23,ARI,1995,2000,0,0,0,4,20,6,03-03-00,163,318,1826,4,15,60,270,5,New Mexico,College Stats
260,1995,1,5,Kerry Collins,QB,22,CAR,1995,2011,0,2,11,81,198,180,81-99-0,3487,6261,40922,208,196,374,686,10,Penn St.,College Stats
261,1995,2,45,Todd Collins,QB,23,BUF,1995,2010,0,0,1,11,50,21,11-10-00,391,701,4547,22,24,83,152,0,Michigan,College Stats
262,1995,4,99,Rob Johnson,QB,22,JAX,1995,2003,0,0,1,19,48,29,12-17-0,494,806,5795,30,23,140,877,4,USC,College Stats
263,1995,1,3,Steve McNair,QB,22,HOU,1995,2007,0,3,10,100,161,153,91-62-0,2733,4544,31304,174,119,669,3590,37,Alcorn St.,College Stats
264,1995,4,134,Steve Stenstrom,QB,23,KAN,1996,1999,0,0,0,6,17,10,01-09-00,177,314,1895,4,12,22,100,2,Stanford,College Stats
265,1995,2,60,Kordell Stewart,QB,22,PIT,1995,2005,0,1,4,59,125,87,48-34-0,1316,2358,14746,77,84,560,2874,38,Colorado,College Stats
266,1995,6,197,Craig Whelihan,QB,24,SDG,1997,1998,0,0,1,1,19,14,02-12-00,267,557,3160,14,29,31,67,0,Pacific,College Stats
267,1995,3,84,Eric Zeier,QB,23,CLE,1995,2000,0,0,0,6,28,12,04-08-00,301,537,3520,16,15,43,127,0,Georgia,College Stats
268,1994,1,6,Trent Dilfer,QB,22,TAM,1994,2007,0,1,6,51,130,113,58-55-0,1759,3172,20518,113,129,248,853,5,Fresno St.,College Stats
269,1994,7,208,Glenn Foley,QB,23,NYJ,1994,1999,0,0,0,8,21,9,02-07-00,207,382,2469,12,16,19,32,0,Boston Col.,College Stats
270,1994,7,197,Gus Frerotte,QB,23,WAS,1994,2008,0,1,5,56,147,93,45-47-1,1699,3106,21291,114,106,197,315,6,Tulsa,College Stats
271,1994,4,111,Perry Klein,QB,23,ATL,1994,1994,0,0,0,0,2,0,,0,1,0,0,0,,,,C.W. Post,College Stats
272,1994,7,199,Steve Matthews,QB,23,KAN,1997,1998,0,0,0,1,3,1,1-0-0,28,43,299,0,0,1,10,0,Memphis,College Stats
273,1994,6,178,Jim Miller,QB,23,PIT,1995,2002,0,0,2,16,37,27,15-12-00,610,1046,6387,36,31,55,4,0,Michigan St.,College Stats
274,1994,4,116,Doug Nussmeier,QB,23,NOR,1996,1997,0,0,0,2,5,2,0-2-0,46,82,455,1,4,11,36,0,Idaho,
275,1994,1,3,Heath Shuler,QB,22,WAS,1994,1997,0,0,2,6,29,22,8-14-0,292,593,3691,15,33,67,198,1,Tennessee,College Stats
276,1994,7,198,Jay Walker,QB,22,NWE,1996,1997,0,0,0,0,1,0,,2,2,31,0,0,,,,Howard,College Stats
277,1993,1,1,Drew Bledsoe,QB,21,NWE,1993,2006,0,4,12,103,194,193,98-95-0,3839,6717,44611,251,206,385,764,10,Washington St.,College Stats
278,1993,5,118,Mark Brunell,QB,22,GNB,1994,2011,0,3,11,96,193,151,78-73-0,2761,4640,32072,184,108,513,2421,15,Washington,College Stats
279,1993,8,219,Elvis Grbac,QB,23,SFO,1994,2001,0,1,4,46,105,70,40-30-0,1446,2445,16774,99,81,163,388,7,Michigan,College Stats
280,1993,8,222,Trent Green,QB,23,SDG,1997,2008,0,2,7,94,120,113,56-57-0,2266,3740,28475,162,114,243,914,6,Indiana,College Stats
281,1993,3,58,Billy Joe Hobert,QB,22,RAI,1995,1999,0,0,0,7,29,17,4-13-0,275,527,3371,23,25,33,121,1,Washington,College Stats
282,1993,1,2,Rick Mirer,QB,23,SEA,1993,2003,0,0,5,32,80,68,24-44-0,1088,2043,11969,50,76,242,1130,9,Notre Dame,College Stats
283,1993,7,192,Gino Torretta,QB,23,MIN,1993,1996,0,0,0,0,2,0,,5,16,41,1,1,2,12,0,Miami (FL),College Stats
284,1993,8,216,Alex Van Pelt,QB,23,PIT,1995,2003,0,0,1,7,31,11,03-08-00,262,477,2985,16,24,32,53,1,Pittsburgh,College Stats
285,1992,9,242,Darian Hagan,QB,,SFO,,,0,0,0,,,,,,,,,,,,,Colorado,College Stats
286,1992,11,296,Mark Barsotti,QB,,MIA,,,0,0,0,,,,,,,,,,,,,Fresno St.,College Stats
287,1992,4,112,Chris Hakel,QB,,WAS,,,0,0,0,,,,,,,,,,,,,William & Mary,
288,1992,8,198,Ricky Jones,QB,,RAM,,,0,0,0,,,,,,,,,,,,,Alabama St.,
289,1992,12,316,Keithen McCant,QB,,CLE,,,0,0,0,,,,,,,,,,,,,Nebraska,College Stats
290,1992,8,222,Mike Pawlawski,QB,,TAM,,,0,0,0,,,,,,,,,,,,,California,College Stats
291,1992,12,318,Cornelius Benton,QB,,PIT,,,0,0,0,,,,,,,,,,,,,Connecticut,
292,1992,12,335,Matt Rodgers,QB,,BUF,,,0,0,0,,,,,,,,,,,,,Iowa,College Stats
293,1992,6,166,Jeff Blake,QB,21,NYJ,1992,2005,0,1,8,68,119,100,39-61-0,1827,3241,21711,134,99,418,2027,14,East Carolina,College Stats
294,1992,2,40,Matt Blundin,QB,23,KAN,1993,1997,0,0,0,0,3,0,,2,9,15,0,2,,,,Virginia,College Stats
295,1992,9,230,Ty Detmer,QB,24,GNB,1993,2003,0,0,2,15,54,25,11-14-0,546,946,6351,34,35,72,177,3,BYU,College Stats
296,1992,4,107,Will Furrer,QB,24,CHI,1992,1995,0,0,0,1,9,2,0-2-0,57,124,572,2,10,8,20,0,Virginia Tech,College Stats
297,1992,8,211,Kent Graham,QB,23,NYG,1992,2001,0,0,1,21,81,38,17-21-0,694,1339,7801,39,33,121,424,5,Ohio St.,College Stats
298,1992,9,227,Brad Johnson,QB,23,MIN,1994,2008,0,2,8,74,177,125,72-53-0,2668,4326,29054,166,122,276,657,8,Florida St.,College Stats
299,1992,1,6,David Klingler,QB,23,CIN,1992,1997,0,0,1,11,33,24,4-20-0,389,718,3994,16,22,74,456,0,Houston,College Stats
300,1992,1,25,Tommy Maddox,QB,21,DEN,1992,2005,0,0,2,24,92,36,15-20-1,686,1200,8087,48,54,68,128,1,UCLA,College Stats
301,1992,8,220,Bucky Richardson,QB,23,HOU,1992,1994,0,0,0,4,16,4,01-03-00,97,185,1257,6,6,33,225,1,Texas A&M,College Stats
302,1992,9,228,T.J. Rubley,QB,23,RAM,1993,1995,0,0,0,5,10,7,02-05-00,112,195,1377,8,7,31,108,0,Tulsa,College Stats
303,1992,2,46,Tony Sacca,QB,22,PHO,1992,1992,0,0,0,0,2,0,,4,11,29,0,2,,,,Penn St.,College Stats
304,1992,4,102,Casey Weldon,QB,23,PHI,1993,1999,0,0,0,1,26,0,,60,120,713,1,4,12,0,1,Florida St.,College Stats
305,1991,12,309,Jeff Bridewell,QB,,PHO,,,0,0,0,,,,,,,,,,,,,California-Davis,
306,1991,10,260,Pat O'Hara,QB,,TAM,,,0,0,0,,,,,,,,,,,,,USC,College Stats
307,1991,12,334,Larry Wanke,QB,,NYG,,,0,0,0,,,,,,,,,,,,,John Carroll,
308,1991,5,131,Craig Erickson,QB,22,PHI,1992,1997,0,0,2,21,52,36,14-21-0,591,1092,7625,41,38,77,201,1,Miami (FL),College Stats
309,1991,2,33,Brett Favre HOF,QB,21,ATL,1991,2010,3,11,19,156,302,298,186-112-0,6300,10169,71838,508,336,602,1844,14,Southern Miss,College Stats
310,1991,4,99,Donald Hollas,QB,23,CIN,1991,1998,0,0,0,5,32,8,04-04-00,202,375,2399,13,21,61,295,1,Rice,College Stats
311,1991,7,190,Paul Justin,QB,23,CHI,1995,1999,0,0,0,8,34,10,03-07-00,220,380,2614,8,10,17,11,0,Arizona St.,College Stats
312,1991,1,24,Todd Marinovich,QB,22,RAI,1991,1992,0,0,0,3,8,8,03-05-00,104,205,1345,8,9,12,44,0,USC,College Stats
313,1991,1,16,Dan McGwire,QB,23,SEA,1991,1995,0,0,0,2,13,5,02-03-00,74,148,745,2,6,14,6,0,San Diego St.,College Stats
314,1991,11,284,Shawn Moore,QB,23,DEN,1992,1992,0,0,0,1,3,0,,17,34,232,0,3,8,39,0,Virginia,College Stats
315,1991,4,106,Bill Musgrave,QB,23,DAL,1991,1996,0,0,0,1,12,1,0-1-0,43,69,402,1,2,19,-11,0,Oregon,College Stats
316,1991,2,34,Browning Nagle,QB,23,NYJ,1991,1996,0,0,1,5,24,14,04-10-00,213,437,2489,8,20,26,68,0,Louisville,College Stats
317,1991,4,84,Scott Zolak,QB,23,NWE,1992,1999,0,0,0,4,55,7,03-04-00,124,248,1314,8,7,38,81,0,Maryland,College Stats
318,1990,12,317,Major Harris,QB,,RAI,,,0,0,0,,,,,,,,,,,,,West Virginia,College Stats
319,1990,8,207,Gerry Gdowski,QB,,NOR,,,0,0,0,,,,,,,,,,,,,Nebraska,College Stats
320,1990,12,311,Gene Benhart,QB,,IND,,,0,0,0,,,,,,,,,,,,,West. Illinois,
321,1990,12,307,Todd Hammel,QB,,TAM,,,0,0,0,,,,,,,,,,,,,S.F. Austin,
322,1990,12,321,Reggie Slack,QB,,HOU,,,0,0,0,,,,,,,,,,,,,Auburn,College Stats
323,1990,9,242,Kirk Baumgartner,QB,,GNB,,,0,0,0,,,,,,,,,,,,,Wisc-Stevens Point,
324,1990,9,247,Todd Ellis,QB,,DEN,,,0,0,0,,,,,,,,,,,,,South Carolina,College Stats
325,1990,11,296,Clemente Gordon,QB,,CLE,,,0,0,0,,,,,,,,,,,,,Grambling St.,
326,1990,12,312,John Gromos,QB,,SEA,,,0,0,0,,,,,,,,,,,,,Vanderbilt,College Stats
327,1990,6,156,Mike Buck,QB,23,NOR,1991,1995,0,0,0,2,12,1,0-1-0,55,92,790,5,4,5,-4,0,Maine,
328,1990,4,86,Cary Conklin,QB,22,WAS,1992,1995,0,0,0,1,7,2,0-2-0,52,101,560,5,3,5,-6,0,Washington,College Stats
329,1990,6,138,John Friesz,QB,23,SDG,1990,2000,0,0,1,26,69,38,13-25-0,745,1364,8699,45,42,53,29,0,Idaho,
330,1990,1,1,Jeff George,QB,22,IND,1990,2001,0,0,9,65,131,124,46-78-0,2298,3967,27602,154,113,168,307,2,Illinois,College Stats
331,1990,3,59,Tom Hodson,QB,23,NWE,1990,1995,0,0,0,4,36,12,01-11-00,174,320,1823,7,11,21,90,0,LSU,College Stats
332,1990,5,135,Craig Kupp,QB,23,NYG,1991,1991,0,0,0,0,1,0,,3,7,23,0,0,1,5,0,Pacific Lutheran,
333,1990,4,93,Scott Mitchell,QB,22,MIA,1991,2001,0,0,5,49,99,71,32-39-0,1301,2346,15692,95,81,172,485,11,Utah,College Stats
334,1990,3,70,Neil O'Donnell,QB,24,PIT,1991,2003,0,1,7,59,125,100,55-45-0,1865,3229,21690,120,68,215,446,4,Maryland,College Stats
335,1990,4,84,Troy Taylor,QB,22,NYJ,1990,1991,0,0,0,0,7,0,,12,20,125,2,1,9,43,1,California,College Stats
336,1990,1,7,Andre Ware,QB,22,DET,1990,1993,0,0,0,5,14,6,03-03-00,83,161,1112,5,8,38,217,0,Houston,College Stats
337,1990,3,63,Peter Tom Willis,QB,23,CHI,1990,1993,0,0,0,4,21,3,0-3-0,104,183,1261,6,15,5,14,0,Florida St.,College Stats
338,1989,10,278,Bob Jean,QB,,CIN,,,0,0,0,,,,,,,,,,,,,New Hampshire,
339,1989,8,202,Paul Singer,QB,,ATL,,,0,0,0,,,,,,,,,,,,,West. Illinois,
340,1989,12,323,Steve Taylor,QB,,IND,,,0,0,0,,,,,,,,,,,,,Nebraska,College Stats
341,1989,7,192,Brent Snyder,QB,,CHI,,,0,0,0,,,,,,,,,,,,,Utah St.,College Stats
342,1989,12,325,Chuck Hartlieb,QB,,HOU,,,0,0,0,,,,,,,,,,,,,Iowa,College Stats
343,1989,11,296,Wayne Johnson,QB,,IND,,,0,0,0,,,,,,,,,,,,,Georgia,College Stats
344,1989,7,195,Terrence Jones,QB,,SDG,,,0,0,0,,,,,,,,,,,,,Tulane,College Stats
345,1989,4,87,Jeff Graham,QB,,GNB,,,0,0,0,,,,,,,,,,,,,Long Beach St.,College Stats
346,1989,1,1,Troy Aikman HOF,QB,22,DAL,1989,2000,0,6,11,97,165,165,94-71-0,2898,4715,32942,165,141,327,1016,9,UCLA,College Stats
347,1989,4,102,Jeff Carlson,QB,23,RAM,1990,1992,0,0,0,2,7,3,0-3-0,49,114,636,2,9,17,57,0,Weber St.,
348,1989,3,74,Anthony Dilweg,QB,24,GNB,1989,1990,0,0,0,4,10,7,02-05-00,102,193,1274,8,7,21,114,0,Duke,College Stats
349,1989,2,32,Mike Elkins,QB,23,KAN,1989,1989,0,0,0,0,1,0,,1,2,5,0,1,,,,Wake Forest,College Stats
350,1989,6,140,Jeff Francis,QB,23,RAI,1990,1990,0,0,0,0,1,0,,2,2,26,0,0,,,,Tennessee,College Stats
351,1989,6,141,Rodney Peete,QB,23,DET,1989,2004,0,0,7,46,104,87,45-42-0,1344,2346,16338,76,92,270,1139,16,USC,College Stats
352,1989,2,51,Billy Joe Tolliver,QB,23,SDG,1989,1999,0,0,2,26,79,47,15-32-0,891,1707,10760,59,64,99,320,5,Texas Tech,College Stats
353,1989,3,83,Erik Wilhelm,QB,23,CIN,1989,1996,0,0,0,3,22,1,0-1-0,77,136,912,5,6,19,69,0,Oregon St.,College Stats
354,1988,7,175,Mike Perez,QB,,NYG,,,0,0,0,,,,,,,,,,,,,San Jose St.,College Stats
355,1988,12,328,Steve Slayden,QB,,CLE,,,0,0,0,,,,,,,,,,,,,Duke,College Stats
356,1988,11,283,David Weber,QB,,RAI,,,0,0,0,,,,,,,,,,,,,,
357,1988,10,274,Todd Santos,QB,,NOR,,,0,0,0,,,,,,,,,,,,,San Diego St.,College Stats
358,1988,10,256,Bud Keyes,QB,,GNB,,,0,0,0,,,,,,,,,,,,,Wisconsin,College Stats
359,1988,6,149,Don McPherson,QB,,PHI,,,0,0,0,,,,,,,,,,,,,Syracuse,College Stats
360,1988,11,282,Danny McManus,QB,,KAN,,,0,0,0,,,,,,,,,,,,,Florida St.,College Stats
361,1988,11,281,Danny McCoin,QB,,DET,,,0,0,0,,,,,,,,,,,,,Cincinnati,College Stats
362,1988,7,180,Kerwin Bell,QB,23,MIA,1996,1996,0,0,0,0,1,0,,5,5,75,1,0,1,-1,0,Florida,College Stats
363,1988,3,76,Chris Chandler,QB,22,IND,1988,2004,0,2,9,77,180,152,67-85-0,2328,4005,28484,170,146,371,1310,12,Washington,College Stats
364,1988,6,159,Stan Humphries,QB,23,WAS,1989,1997,0,0,6,50,88,81,50-31-0,1431,2516,17191,89,84,150,356,7,La-Monroe,
365,1988,6,151,Scott Secules,QB,23,DAL,1989,1993,0,0,0,5,57,4,0-4-0,108,204,1311,4,14,24,136,1,Virginia,College Stats
366,1988,3,68,Tom Tupa,QB,22,PHO,1988,2004,1,1,11,29,220,13,04-09-00,259,504,3430,12,25,53,187,1,Ohio St.,College Stats
367,1987,12,322,Jim Karsatos,QB,,MIA,,,0,0,0,,,,,,,,,,,,,Ohio St.,College Stats
368,1987,12,313,Mike Shula,QB,,TAM,,,0,0,0,,,,,,,,,,,,,Alabama,College Stats
369,1987,10,275,John Paye,QB,,SFO,,,0,0,0,,,,,,,,,,,,,Stanford,College Stats
370,1987,12,327,Bill Ransdell,QB,,NYJ,,,0,0,0,,,,,,,,,,,,,Kentucky,College Stats
371,1987,9,232,Ken Lambiotte,QB,,PHI,,,0,0,0,,,,,,,,,,,,,William & Mary,
372,1987,4,110,Steve Beuerlein,QB,22,RAI,1988,2003,0,1,4,69,147,102,47-55-0,1894,3328,24046,147,112,225,496,5,Notre Dame,College Stats
373,1987,3,64,Cody Carlson,QB,23,HOU,1988,1994,0,0,0,15,45,19,11-08-00,370,659,4469,21,28,81,217,4,Baylor,College Stats
374,1987,4,98,Rich Gannon,QB,21,NWE,1987,2004,2,4,8,99,157,132,76-56-0,2533,4206,28743,180,104,521,2449,21,Delaware,
375,1987,8,216,Sammy Garza,QB,22,SEA,1987,1987,0,0,0,1,2,1,0-1-0,11,20,183,1,2,8,31,1,Texas-El Paso,College Stats
376,1987,1,26,Jim Harbaugh,QB,23,CHI,1987,2000,0,1,10,78,177,140,66-74-0,2305,3918,26288,129,117,561,2787,18,Michigan,College Stats
377,1987,7,186,Doug Hudson,QB,22,KAN,1987,1987,0,0,0,0,1,1,0-1-0,0,1,0,0,0,1,0,0,Nicholls St.,
378,1987,10,255,Don Majkowski,QB,23,GNB,1987,1996,0,1,4,39,90,57,26-30-1,1056,1905,12700,66,67,248,1114,12,Virginia,College Stats
379,1987,1,13,Chris Miller,QB,22,ATL,1987,1999,0,1,7,52,98,92,34-58-0,1580,2892,19320,123,102,178,814,2,Oregon,College Stats
380,1987,11,295,Brent Pease,QB,22,MIN,1987,1988,0,0,0,3,20,3,02-01-00,62,135,792,3,9,23,31,2,Montana,
381,1987,1,6,Kelly Stouffer,QB,23,STL,1988,1992,0,0,0,2,22,16,05-11-00,225,437,2333,7,19,30,75,0,Colorado St.,College Stats
382,1987,7,180,Kevin Sweeney,QB,23,DAL,1987,1988,0,0,0,2,6,4,02-02-00,47,106,605,7,6,11,42,0,Fresno St.,College Stats
383,1987,1,1,Vinny Testaverde,QB,23,TAM,1987,2007,0,2,14,97,233,214,90-123-1,3787,6701,46233,275,267,430,1661,15,Miami (FL),College Stats
384,1987,4,88,Mark Vlasic,QB,23,SDG,1987,1991,0,0,0,3,15,4,02-02-00,75,142,762,4,5,4,-1,0,Iowa,College Stats
385,1987,11,307,Dave Walter,QB,22,NYG,1987,1987,0,0,0,1,3,2,01-01-00,10,21,113,0,0,16,70,0,Michigan Tech,
386,1986,10,274,Jeff Wickersham,QB,,MIA,,,0,0,0,,,,,,,,,,,,,LSU,College Stats
387,1986,3,72,Robbie Bosco,QB,,GNB,,,0,0,0,,,,,,,,,,,,,BYU,College Stats
388,1986,11,280,Chris Hegg,QB,,ATL,,,0,0,0,,,,,,,,,,,,,NE Missouri St.,
389,1986,12,312,Kent Austin,QB,23,STL,1986,1986,0,0,0,0,16,0,,,,,,,1,0,0,Mississippi,College Stats
390,1986,12,316,Steve Bradley,QB,23,CIN,1987,1987,0,0,0,0,1,1,0-1-0,6,18,77,2,3,1,-3,0,Indiana,College Stats
391,1986,3,67,Bubby Brister,QB,24,PIT,1986,2000,0,0,4,41,99,75,37-38-0,1207,2212,14445,81,78,191,546,8,La-Monroe,College Stats
392,1986,1,3,Jim Everett,QB,23,HOU,1986,1997,0,1,10,87,158,153,64-89-0,2841,4923,34837,203,175,257,596,4,Purdue,College Stats
393,1986,4,99,Doug Gaynor,QB,23,CIN,1986,1986,0,0,0,0,1,0,,3,3,30,0,0,1,4,0,Long Beach St.,College Stats
394,1986,6,150,Stan Gelbaugh,QB,23,DAL,1989,1996,0,0,1,2,20,12,01-11-00,192,391,2100,10,22,28,108,0,Maryland,College Stats
395,1986,1,12,Chuck Long,QB,23,DET,1986,1991,0,0,1,11,27,21,4-17-0,331,607,3747,19,28,34,88,0,Iowa,College Stats
396,1986,12,313,Brian McClure,QB,22,BUF,1987,1987,0,0,0,1,1,1,1-0-0,20,38,181,0,3,2,4,0,Bowling Green,College Stats
397,1986,3,71,Hugh Millen,QB,22,RAM,1987,1995,0,0,2,16,40,25,7-18-0,560,928,6440,22,35,65,260,1,Washington,College Stats
398,1986,11,291,David Norrie,QB,22,SEA,1987,1987,0,0,0,1,2,2,0-2-0,35,68,376,1,4,5,5,0,UCLA,College Stats
399,1986,7,174,Mike Norseth,QB,22,CLE,1988,1988,0,0,0,0,1,0,,,,,,,1,5,0,Kansas,College Stats
400,1986,6,146,Mark Rypien,QB,23,WAS,1988,2001,0,2,5,56,104,78,47-31-0,1466,2613,18473,115,88,127,166,8,Washington St.,College Stats
401,1986,2,47,Jack Trudeau,QB,23,IND,1986,1995,0,0,3,23,67,49,19-30-0,873,1644,10243,42,69,97,186,3,Illinois,College Stats
402,1985,10,269,Buddy Funck,QB,,DEN,,,0,0,0,,,,,,,,,,,,,New Mexico,College Stats
403,1985,9,232,Steve Calabria,QB,,TAM,,,0,0,0,,,,,,,,,,,,,Colgate,
404,1985,10,277,John Conner,QB,,SEA,,,0,0,0,,,,,,,,,,,,,Arizona,College Stats
405,1985,9,234,Paul Berner,QB,,SDG,,,0,0,0,,,,,,,,,,,,,Pacific,College Stats
406,1985,6,168,Scott Barry,QB,,SFO,,,0,0,0,,,,,,,,,,,,,California-Davis,College Stats
407,1985,6,142,Steve Bono,QB,23,MIN,1985,1999,0,1,2,32,88,42,28-14-0,934,1701,10439,62,42,125,257,7,UCLA,College Stats
408,1985,2,37,Randall Cunningham,QB,22,PHI,1985,2001,1,4,7,107,161,135,82-52-1,2429,4289,29979,207,134,775,4928,35,UNLV,College Stats
409,1985,11,285,Doug Flutie,QB,22,RAM,1986,2005,0,1,4,51,92,66,38-28-0,1177,2151,14715,86,68,338,1634,10,Boston Col.,College Stats
410,1985,6,143,Rusty Hilger,QB,23,RAI,1985,1991,0,0,1,5,23,14,05-09-00,204,464,2584,11,19,35,91,0,Oklahoma St.,College Stats
411,1985,3,57,Frank Reich,QB,23,BUF,1985,1998,0,0,1,15,118,20,5-15-0,508,932,6075,40,36,91,78,0,Maryland,College Stats
412,1985,11,294,Joe Shield,QB,23,GNB,1986,1986,0,0,0,0,3,0,,,,,,,,,,Trinity (CT),
413,1984,12,336,Randy Essington,QB,,RAI,,,0,0,0,,,,,,,,,,,,,Colorado,
414,1984,9,244,Mark Casale,QB,,CHI,,,0,0,0,,,,,,,,,,,,,Montclair St.,
415,1984,6,148,Ben Bennett,QB,22,ATL,1987,1987,0,0,0,0,1,0,,2,6,25,0,1,2,17,0,Duke,College Stats
416,1984,7,191,Scott Campbell,QB,22,PIT,1984,1990,0,0,1,8,45,13,02-11-00,224,454,2983,19,25,43,170,2,Purdue,College Stats
417,1984,2,38,Boomer Esiason,QB,23,CIN,1984,1997,1,4,12,106,187,173,80-93-0,2969,5205,37920,247,184,447,1598,7,Maryland,College Stats
418,1984,3,59,Jeff Hostetler,QB,23,NYG,1985,1997,0,1,6,56,152,83,51-32-0,1357,2338,16430,94,71,316,1391,17,West Virginia,College Stats
419,1984,11,281,Blair Kiel,QB,22,TAM,1984,1991,0,0,0,4,25,3,0-3-0,108,193,1296,8,7,16,105,1,Notre Dame,College Stats
420,1984,11,296,Kyle Mackey,QB,22,STL,1987,1989,0,0,0,3,7,4,01-03-00,68,134,729,3,6,19,101,2,Texas A&M-Commerce,
421,1984,5,138,Dean May,QB,22,MIA,1984,1987,0,0,0,0,5,0,,1,6,33,0,1,2,-4,0,Louisville,College Stats
422,1984,3,80,Rick McIvor,QB,23,STL,1984,1985,0,0,0,0,6,0,,0,4,0,0,0,3,5,0,Texas,College Stats
423,1984,6,158,Terry Nugent,QB,22,CLE,1987,1987,0,0,0,0,1,0,,3,5,47,0,0,2,1,0,Colorado St.,College Stats
424,1984,5,113,Steve Pelluer,QB,22,DAL,1984,1990,0,0,2,24,65,30,9-20-1,548,974,6870,29,39,142,858,6,Washington,College Stats
425,1984,3,83,Jay Schroeder,QB,23,WAS,1985,1994,0,1,8,62,118,99,61-38-0,1426,2808,20063,114,108,242,761,5,UCLA,College Stats
426,1984,6,160,John Witkowski,QB,22,DET,1984,1988,0,0,0,1,5,1,0-1-0,13,35,210,0,0,8,33,0,Columbia,College Stats
427,1984,6,153,Randy Wright,QB,23,GNB,1984,1988,0,0,2,14,46,32,7-25-0,602,1119,7106,31,57,55,173,3,Wisconsin,College Stats
428,1983,12,333,Scott Lindquist,QB,,RAI,,,0,0,0,,,,,,,,,,,,,Northern Arizona,
429,1983,12,312,David Mangrum,QB,,PHI,,,0,0,0,,,,,,,,,,,,,Baylor,College Stats
430,1983,12,311,Clete Casper,QB,,RAM,,,0,0,0,,,,,,,,,,,,,Washington St.,College Stats
431,1983,1,7,Todd Blackledge,QB,22,KAN,1983,1989,0,0,0,12,46,29,15-14-0,424,881,5286,29,38,81,325,2,Penn St.,College Stats
432,1983,5,137,Jeff Christensen,QB,23,CIN,1983,1987,0,0,0,2,4,2,01-01-00,24,58,297,1,3,12,39,0,East. Illinois,
433,1983,6,162,Reggie Collier,QB,22,DAL,1986,1987,0,0,0,1,6,1,0-1-0,12,22,206,3,3,10,73,0,Southern Miss,College Stats
434,1983,1,15,Tony Eason,QB,23,NWE,1983,1990,0,0,3,36,90,51,28-23-0,911,1564,11142,61,51,134,503,6,Illinois,College Stats
435,1983,1,1,John Elway HOF,QB,23,BAL,1983,1998,0,9,16,138,234,231,148-82-1,4123,7250,51475,300,226,774,3407,33,Stanford,College Stats
436,1983,1,14,Jim Kelly HOF,QB,23,BUF,1986,1996,1,5,11,103,160,160,101-59-0,2874,4779,35467,237,175,304,1049,7,Miami (FL),College Stats
437,1983,8,197,Gary Kubiak,QB,22,DEN,1983,1991,0,0,0,7,119,5,03-02-00,173,298,1920,14,16,65,238,2,Texas A&M,College Stats
438,1983,6,168,Babe Laufenberg,QB,23,WAS,1986,1990,0,0,0,4,16,7,02-05-00,93,211,1057,5,11,33,126,0,Indiana,College Stats
439,1983,1,27,Dan Marino HOF,QB,21,MIA,1983,1999,3,9,16,145,242,240,147-93-0,4967,8358,61361,420,252,301,87,9,Pittsburgh,College Stats
440,1983,10,272,Bruce Mathison,QB,24,SDG,1983,1987,0,0,0,6,18,9,02-07-00,152,309,2177,7,20,34,245,1,Nebraska,College Stats
441,1983,1,24,Ken O'Brien,QB,22,NYJ,1984,1993,0,2,7,72,129,110,50-59-1,2110,3602,25094,128,98,174,394,0,California-Davis,
442,1983,10,267,Tom Ramsey,QB,22,NWE,1986,1989,0,0,0,5,28,5,02-03-00,108,214,1285,7,10,21,82,1,UCLA,College Stats
443,1983,11,280,Jim Bob Taylor,QB,23,BAL,1983,1983,0,0,0,0,8,0,,1,2,20,0,1,,,,Georgia Tech,College Stats
444,1982,11,296,Steve Sandon,QB,,NWE,,,0,0,0,,,,,,,,,,,,,Northern Iowa,
445,1982,12,333,Dan Feraday,QB,,CIN,,,0,0,0,,,,,,,,,,,,,Toronto,
446,1982,11,282,Steve Michuta,QB,,CLE,,,0,0,0,,,,,,,,,,,,,Grand Valley St.,
447,1982,8,218,Luc Tousignant,QB,,BUF,,,0,0,0,,,,,,,,,,,,,Fairmont St.,
448,1982,9,242,Bob Lane,QB,,TAM,,,0,0,0,,,,,,,,,,,,,La-Monroe,College Stats
449,1982,10,261,Ron Reeves,QB,,HOU,,,0,0,0,,,,,,,,,,,,,Texas Tech,College Stats
450,1982,9,251,Bryan Clark,QB,22,SFO,1984,1984,0,0,0,0,1,0,,,,,,,,,,Michigan St.,College Stats
451,1982,11,291,Bob Holly,QB,22,WAS,1983,1985,0,0,0,1,10,0,,25,40,300,1,2,7,49,1,Princeton,College Stats
452,1982,6,149,Mike Kelley,QB,22,ATL,1987,1987,0,0,0,1,3,1,1-0-0,17,29,305,1,0,4,17,0,Georgia Tech,College Stats
453,1982,2,48,Matt Kofler,QB,23,BUF,1982,1985,0,0,0,3,41,1,0-1-0,91,202,1156,7,11,20,159,1,San Diego St.,College Stats
454,1982,2,44,Oliver Luck,QB,22,HOU,1983,1986,0,0,0,6,20,9,03-06-00,233,413,2544,13,21,44,237,1,West Virginia,College Stats
455,1982,6,154,Mike Machurek,QB,22,DET,1984,1984,0,0,0,1,4,0,,14,43,193,0,6,1,9,0,Idaho St.,
456,1982,1,5,Jim McMahon,QB,23,CHI,1982,1996,0,1,9,57,119,97,67-30-0,1492,2573,18148,100,90,338,1631,16,BYU,College Stats
457,1982,4,84,Mike Pagel,QB,21,BAL,1982,1993,0,0,4,30,132,54,17-36-1,756,1509,9414,49,63,136,831,4,Arizona St.,College Stats
458,1982,1,4,Art Schlichter,QB,22,BAL,1982,1985,0,0,0,4,13,6,0-6-0,91,202,1006,3,11,22,161,1,Ohio St.,College Stats
459,1981,10,257,Phil Kessel,QB,,WAS,,,0,0,0,,,,,,,,,,,,,Northern Michigan,
460,1981,12,322,Joe Adams,QB,,SFO,,,0,0,0,,,,,,,,,,,,,Tennessee St.,
461,1981,4,96,Brad Wright,QB,,MIA,,,0,0,0,,,,,,,,,,,,,New Mexico,College Stats
462,1981,10,255,Nickie Hall,QB,,GNB,,,0,0,0,,,,,,,,,,,,,Tulane,College Stats
463,1981,12,312,Mark O'Connell,QB,,CIN,,,0,0,0,,,,,,,,,,,,,Ball St.,
464,1981,10,260,Tim Clifford,QB,,CHI,,,0,0,0,,,,,,,,,,,,,Indiana,College Stats
465,1981,9,228,Mike Ford,QB,,TAM,,,0,0,0,,,,,,,,,,,,,SMU,College Stats
466,1981,11,295,Brian Buckley,QB,,NWE,,,0,0,0,,,,,,,,,,,,,Harvard,College Stats
467,1981,1,6,Rich Campbell,QB,22,GNB,1981,1984,0,0,0,2,7,0,,31,68,386,3,9,2,2,0,California,College Stats
468,1981,4,90,Tom Flick,QB,23,WAS,1981,1986,0,0,0,1,21,3,01-02-00,47,106,506,2,10,6,5,1,Washington,College Stats
469,1981,12,319,Bob Gagliano,QB,23,KAN,1982,1992,0,0,0,13,32,13,07-06-00,249,486,3431,17,27,93,352,4,Utah St.,College Stats
470,1981,4,98,Mark Herrmann,QB,22,DEN,1982,1992,0,0,0,11,40,12,03-09-00,334,561,4015,16,36,35,-1,1,Purdue,College Stats
471,1981,2,33,Neil Lomax,QB,22,STL,1981,1988,0,2,7,71,108,101,47-52-2,1817,3153,22771,136,90,222,969,10,Portland St.,
472,1981,8,207,Mark Reed,QB,22,NYG,1983,1983,0,0,0,0,1,0,,6,10,34,0,1,2,27,0,Moorhead State (MN),
473,1981,11,292,Rick Trocano,QB,22,PIT,1981,1982,0,0,0,0,8,0,,,,,,,,,,Pittsburgh,College Stats
474,1981,8,210,Wade Wilson,QB,22,MIN,1981,1998,0,1,4,51,125,69,36-33-0,1391,2428,17283,99,102,239,1025,9,Texas A&M-Commerce,
475,1980,9,237,Dan Hartwig,QB,,SFO,,,0,0,0,,,,,,,,,,,,,California Lutheran,
476,1980,12,320,Jimmy Jordan,QB,,NWE,,,0,0,0,,,,,,,,,,,,,Florida St.,College Stats
477,1980,2,37,Gene Bradley,QB,,BUF,,,0,0,0,,,,,,,,,,,,,Arkansas St.,College Stats
478,1980,12,308,Mike Wright,QB,,CIN,,,0,0,0,,,,,,,,,,,,,Vanderbilt,
479,1980,12,332,Kevin Scanlon,QB,,RAM,,,0,0,0,,,,,,,,,,,,,Arkansas,College Stats
480,1980,8,202,Todd Krueger,QB,,BUF,,,0,0,0,,,,,,,,,,,,,Northern Michigan,
481,1980,7,182,Craig Bradshaw,QB,23,HOU,1980,1980,0,0,0,0,2,0,,,,,,,,,,Utah St.,College Stats
482,1980,6,145,Scott Brunner,QB,23,NYG,1980,1985,0,0,2,17,73,30,12-18-0,512,1046,6457,29,54,72,137,1,Delaware,
483,1980,4,85,Eric Hipple,QB,22,DET,1980,1989,0,0,4,38,102,57,28-29-0,830,1546,10711,55,70,145,550,13,Utah St.,College Stats
484,1980,5,133,Gary Hogeboom,QB,22,DAL,1980,1989,0,0,2,22,79,37,18-19-0,743,1325,9436,49,60,83,161,4,Central Michigan,College Stats
485,1980,4,89,Rusty Lisch,QB,23,STL,1980,1984,0,0,0,2,30,2,0-1-0,55,115,547,1,11,20,130,0,Notre Dame,College Stats
486,1980,4,101,Ed Luther,QB,23,SDG,1980,1984,0,0,0,7,61,9,02-07-00,245,460,3187,12,23,20,-19,0,San Jose St.,College Stats
487,1980,1,28,Mark Malone,QB,21,PIT,1980,1989,0,0,5,27,73,54,23-30-0,839,1648,10175,60,81,159,628,18,Arizona St.,College Stats
488,1980,4,109,Paul McDonald,QB,22,CLE,1980,1986,0,0,1,15,85,21,8-13-0,411,767,5269,24,37,37,6,1,USC,College Stats
489,1980,9,242,Turk Schonert,QB,23,CHI,1981,1989,0,0,0,12,72,12,07-05-00,311,504,3788,11,20,73,288,4,Stanford,College Stats
490,1980,1,15,Marc Wilson,QB,23,OAK,1980,1990,0,0,5,35,126,60,32-28-0,1085,2081,14391,86,102,141,611,5,BYU,College Stats
491,1980,8,214,David Woodley,QB,21,MIA,1980,1985,0,0,3,34,58,53,34-18-1,687,1300,8558,48,63,201,856,11,LSU,College Stats
492,1979,10,253,David Marler,QB,,BUF,,,0,0,0,,,,,,,,,,,,,Mississippi St.,College Stats
493,1979,11,288,Dan Sanders,QB,,NYJ,,,0,0,0,,,,,,,,,,,,,Carson-Newman,
494,1979,12,327,Larry Fortner,QB,,MIA,,,0,0,0,,,,,,,,,,,,,Miami (OH),College Stats
495,1979,5,132,Rick Leach,QB,,DEN,,,0,0,0,,,,,,,,,,,,,Michigan,College Stats
496,1979,11,295,Dave Rader,QB,,SDG,,,0,0,0,,,,,,,,,,,,,Tulsa,College Stats
497,1979,4,97,Steve Dils,QB,23,MIN,1979,1988,0,0,1,15,106,27,10-17-0,504,972,5816,27,32,45,71,1,Stanford,College Stats
498,1979,1,23,Steve Fuller,QB,22,KAN,1979,1986,0,0,2,29,90,42,19-23-0,605,1066,7156,28,41,186,908,11,Clemson,College Stats
499,1979,5,133,Chuck Fusina,QB,22,TAM,1979,1986,0,0,0,0,14,0,,22,37,198,1,2,11,28,0,Penn St.,College Stats
500,1979,9,231,Jeff Komlo,QB,23,DET,1979,1983,0,0,1,5,25,16,2-14-0,218,437,2603,12,28,38,121,2,Delaware,
501,1979,5,116,Dan Manucci,QB,22,BUF,1979,1987,0,0,0,0,19,1,0-1-0,12,27,132,0,2,7,35,0,Kansas St.,College Stats
502,1979,3,82,Joe Montana HOF,QB,23,SFO,1979,1994,3,8,12,123,192,164,117-47-0,3409,5391,40551,273,139,457,1676,20,Notre Dame,College Stats
503,1979,6,154,Mike Moroski,QB,22,ATL,1979,1986,0,0,0,7,69,9,03-06-00,241,425,2864,8,18,37,182,2,California-Davis,
504,1979,9,246,Jeff Rutledge,QB,22,RAM,1979,1992,0,0,0,7,117,10,02-07-01,274,526,3628,16,29,52,93,1,Alabama,College Stats
505,1979,1,7,Phil Simms,QB,23,NYG,1979,1993,0,2,11,91,164,159,95-64-0,2576,4647,33462,199,157,349,1252,6,Morehead St.,
506,1979,1,3,Jack Thompson,QB,23,CIN,1979,1984,0,0,1,13,51,21,4-17-0,449,845,5315,33,45,70,262,6,Washington St.,College Stats
507,1978,9,228,Keith Myers,QB,,GNB,,,0,0,0,,,,,,,,,,,,,Utah St.,College Stats
508,1978,4,104,Pete Woods,QB,,KAN,,,0,0,0,,,,,,,,,,,,,Missouri,College Stats
509,1978,9,243,John Hurley,QB,,WAS,,,0,0,0,,,,,,,,,,,,,Santa Clara,
510,1978,6,141,Mike Rieker,QB,,NOR,,,0,0,0,,,,,,,,,,,,,Lehigh,
511,1978,2,51,Guy Benjamin,QB,23,MIA,1978,1983,0,0,0,1,19,0,,39,68,439,3,3,3,0,0,Stanford,College Stats
512,1978,2,50,Matt Cavanaugh,QB,21,NWE,1979,1991,0,0,1,15,112,19,08-11-00,305,579,4332,28,30,60,213,3,Pittsburgh,College Stats
513,1978,5,131,Rob Hertel,QB,23,CIN,1978,1978,0,0,0,0,3,0,,1,4,9,0,0,1,0,0,USC,College Stats
514,1978,12,333,Bill Kenney,QB,23,MIA,1980,1988,0,1,7,51,106,77,34-43-0,1330,2430,17277,105,86,123,191,5,Northern Colorado,
515,1978,4,105,Mark Manges,QB,22,RAM,1978,1978,0,0,0,0,1,0,,,,,,,,,,Maryland,College Stats
516,1978,3,68,Mark Miller,QB,22,CLE,1978,1979,0,0,0,1,10,0,,15,47,243,1,5,8,61,1,Bowling Green,College Stats
517,1978,3,73,Gifford Nielsen,QB,23,HOU,1978,1983,0,0,1,10,55,14,03-11-00,273,498,3255,20,22,29,89,0,BYU,College Stats
518,1978,11,281,Pat Ryan,QB,22,NYJ,1978,1991,0,0,1,13,145,19,11-08-00,364,657,4320,31,35,53,156,1,Tennessee,College Stats
519,1978,8,200,Dennis Sproul,QB,22,GNB,1978,1978,0,0,0,0,6,0,,5,13,87,0,0,2,0,0,Arizona St.,College Stats
520,1978,1,17,Doug Williams,QB,23,TAM,1978,1989,0,0,6,56,88,81,38-42-1,1240,2507,16998,100,93,220,884,15,Grambling St.,College Stats
