Rk;Year;Rnd;Pick;;Pos;DrAge;Tm;From;To;AP1;PB;St;CarAV;G;GS;QBrec;Cmp;Att;Yds;TD;Int;Att;Yds;TD;College/Univ;
1;2016;1;1;Jared Goff;QB;21;LAR;2016;2017;0;0;1;-2;18;18;8.10.2000;335;566;4053;23;12;30;69;2;California;College Stats
2;2016;1;2;Carson Wentz;QB;23;PHI;2016;2017;0;0;2;10;27;27;17.10.2000;592;961;6439;44;19;101;403;2;North Dakota St.;College Stats
3;2016;1;26;Paxton Lynch;QB;22;DEN;2016;2017;0;0;0;1;4;3;1.02.2000;58;97;538;2;2;13;45;0;Memphis;College Stats
4;2016;2;51;Christian Hackenberg;QB;21;NYJ;;;0;0;0;;;;;;;;;;;;;Penn St.;College Stats
5;2016;3;91;Jacoby Brissett;QB;22;NWE;2016;2017;0;0;1;2;14;12;4.08.2000;230;378;2768;9;5;57;253;4;North Carolina St.;College Stats
6;2016;3;93;Cody Kessler;QB;23;CLE;2016;2017;0;0;1;3;12;8;0-8-0;139;218;1506;6;3;12;17;0;USC;College Stats
7;2016;4;100;Connor Cook;QB;23;OAK;2016;2016;0;0;0;0;1;0;;14;21;150;1;1;;;;Michigan St.;College Stats
8;2016;4;135;Dak Prescott;QB;23;DAL;2016;2017;0;1;2;16;27;27;18.09.2000;532;806;5985;39;13;91;529;11;Mississippi St.;College Stats
9;2016;4;139;Cardale Jones;QB;23;BUF;2016;2016;0;0;0;0;1;0;;6;11;96;0;1;1;-1;0;Ohio St.;College Stats
10;2016;5;162;Kevin Hogan;QB;23;KAN;2016;2017;0;0;0;1;8;1;0-1-0;60;101;621;4;7;18;176;1;Stanford;College Stats
11;2016;6;187;Nate Sudfeld;QB;22;WAS;;;0;0;0;;;;;;;;;;;;;Indiana;College Stats
12;2016;6;191;Jake Rudock;QB;23;DET;2017;2017;0;0;0;0;2;0;;;;;;;;;;Michigan;College Stats
13;2016;6;201;Brandon Allen;QB;24;JAX;;;0;0;0;;;;;;;;;;;;;Arkansas;College Stats
14;2016;6;207;Jeff Driskel;QB;23;SFO;;;0;0;0;;;;;;;;;;;;;Louisiana Tech;College Stats
15;2016;7;223;Brandon Doughty;QB;24;MIA;;;0;0;0;;;;;;;;;;;;;West. Kentucky;College Stats
16;2015;1;1;Jameis Winston;QB;21;TAM;2015;2017;0;1;3;24;40;40;17-23-0;816;1361;10052;60;39;122;429;7;Florida St.;College Stats
17;2015;1;2;Marcus Mariota;QB;21;TEN;2015;2017;0;0;3;22;37;37;18-19-0;699;1127;8517;54;31;134;791;8;Oregon;College Stats
18;2015;3;75;Garrett Grayson;QB;24;NOR;2015;2015;0;0;0;0;1;0;;;;;;;;;;Colorado St.;College Stats
19;2015;3;89;Sean Mannion;QB;23;STL;2015;2017;0;0;0;0;5;0;;10;14;62;0;1;6;-10;0;Oregon St.;College Stats
20;2015;4;103;Bryce Petty;QB;24;NYJ;2016;2016;0;0;0;2;6;4;1.03.2000;75;133;809;3;7;5;19;0;Baylor;College Stats
21;2015;5;147;Brett Hundley;QB;22;GNB;2016;2017;0;0;0;0;11;5;1.04.2000;115;194;1202;5;8;17;108;2;UCLA;College Stats
22;2015;7;250;Trevor Siemian;QB;23;DEN;2015;2017;0;0;2;9;23;21;11.10.2000;452;754;5219;29;20;54;154;1;Northwestern;
23;2014;1;3;Blake Bortles;QB;22;JAX;2014;2017;0;0;4;28;57;56;18-38-0;1206;2054;13485;81;59;207;1345;7;Central Florida;College Stats
24;2014;1;22;Johnny Manziel;QB;21;CLE;2014;2015;0;0;0;5;15;8;2.06.2000;147;258;1675;7;7;46;259;1;Texas A&M;College Stats
25;2014;1;32;Teddy Bridgewater;QB;21;MIN;2014;2015;0;1;2;22;29;28;17.11.2000;551;849;6150;28;21;91;401;4;Louisville;College Stats
26;2014;2;36;Derek Carr;QB;23;OAK;2014;2017;0;2;4;29;57;57;27-30-0;1277;2075;13638;97;39;114;316;0;Fresno St.;College Stats
27;2014;2;62;Jimmy Garoppolo;QB;22;NWE;2014;2017;0;0;0;3;18;2;2-0-0;65;96;708;6;0;26;14;0;East. Illinois;
28;2014;4;120;Logan Thomas;QB;23;ARI;2014;2017;0;0;0;0;10;2;;1;9;81;1;0;;;;Virginia Tech;College Stats
29;2014;4;135;Tom Savage;QB;24;HOU;2014;2017;0;0;0;1;11;7;2.05.2000;144;254;1572;4;6;15;9;0;Pittsburgh;College Stats
30;2014;5;163;Aaron Murray;QB;23;KAN;;;0;0;0;;;;;;;;;;;;;Georgia;College Stats
31;2014;5;164;A.J. McCarron;QB;23;CIN;2015;2017;0;0;0;3;9;3;2.01.2000;79;119;854;6;2;14;31;0;Alabama;College Stats
32;2014;6;178;Zach Mettenberger;QB;23;TEN;2014;2015;0;0;0;1;14;10;0-10-0;208;345;2347;12;14;14;12;1;LSU;College Stats
33;2014;6;183;David Fales;QB;23;CHI;2016;2016;0;0;0;0;1;0;;2;5;22;0;0;1;0;0;San Jose St.;College Stats
34;2014;6;194;Keith Wenning;QB;23;BAL;;;0;0;0;;;;;;;;;;;;;Ball St.;College Stats
35;2014;6;213;Tajh Boyd;QB;23;NYJ;;;0;0;0;;;;;;;;;;;;;Clemson;College Stats
36;2014;6;214;Garrett Gilbert;QB;23;STL;;;0;0;0;;;;;;;;;;;;;SMU;College Stats
37;2013;1;16;EJ Manuel;QB;23;BUF;2013;2017;0;0;1;10;30;18;6.12.2000;343;590;3767;20;16;96;339;4;Florida St.;College Stats
38;2013;2;39;Geno Smith;QB;22;NYJ;2013;2017;0;0;2;15;34;30;12-18-0;501;868;5962;28;36;136;646;7;West Virginia;College Stats
39;2013;3;73;Mike Glennon;QB;23;TAM;2013;2017;0;0;1;11;26;22;6-16-0;467;770;4933;34;20;41;90;0;North Carolina St.;College Stats
40;2013;4;98;Matt Barkley;QB;22;PHI;2013;2016;0;0;0;2;11;6;1.05.2000;159;266;1911;8;18;12;0;0;USC;College Stats
41;2013;4;110;Ryan Nassib;QB;23;NYG;2014;2015;0;0;0;0;5;0;;9;10;128;1;0;2;-3;0;Syracuse;College Stats
42;2013;4;112;Tyler Wilson;QB;24;OAK;;;0;0;0;;;;;;;;;;;;;Arkansas;College Stats
43;2013;4;115;Landry Jones;QB;24;PIT;2013;2017;0;0;0;3;17;4;2.02.2000;85;141;1071;7;6;14;-12;0;Oklahoma;College Stats
44;2013;7;221;Brad Sorensen;QB;25;SDG;;;0;0;0;;;;;;;;;;;;;Southern Utah;
45;2013;7;234;Zac Dysert;QB;23;DEN;;;0;0;0;;;;;;;;;;;;;Miami (OH);College Stats
46;2013;7;237;B.J. Daniels;QB;24;SFO;2015;2015;0;0;0;0;8;0;;1;2;7;0;0;6;6;0;South Florida;College Stats
47;2013;7;249;Sean Renfree;QB;23;ATL;2015;2015;0;0;0;0;2;0;;3;7;11;0;1;1;-4;0;Duke;College Stats
48;2012;1;1;Andrew Luck;QB;22;IND;2012;2016;0;3;4;59;70;70;43-27-0;1570;2651;19078;132;68;286;1442;14;Stanford;College Stats
49;2012;1;2;Robert Griffin;QB;22;WAS;2012;2016;0;1;2;35;42;40;15-25-0;766;1210;8983;42;26;275;1670;10;Baylor;College Stats
50;2012;1;8;Ryan Tannehill;QB;24;MIA;2012;2016;0;0;5;50;77;77;37-40-0;1653;2637;18455;106;66;216;1065;6;Texas A&M;College Stats
51;2012;1;22;Brandon Weeden;QB;28;CLE;2012;2017;0;0;1;14;35;25;6-19-0;559;965;6462;31;30;61;201;1;Oklahoma St.;College Stats
52;2012;2;57;Brock Osweiler;QB;21;DEN;2012;2017;0;0;1;10;40;24;13.11.2000;550;932;5784;29;26;76;203;3;Arizona St.;College Stats
53;2012;3;75;Russell Wilson;QB;23;SEA;2012;2017;0;3;6;76;91;91;63-27-1;1732;2692;21222;150;53;548;3090;16;Wisconsin;College Stats
54;2012;3;88;Nick Foles;QB;23;PHI;2012;2017;0;1;3;23;45;36;20-16-0;780;1289;9271;56;27;112;341;5;Arizona;College Stats
55;2012;4;102;Kirk Cousins;QB;24;WAS;2012;2017;0;1;3;30;57;52;24-27-1;1274;1932;15151;91;48;110;345;12;Michigan St.;College Stats
56;2012;6;185;Ryan Lindley;QB;23;ARI;2012;2015;0;0;0;-4;10;6;1.05.2000;140;274;1372;3;11;4;7;0;San Diego St.;College Stats
57;2012;7;243;B.J. Coleman;QB;23;GNB;2012;2012;0;0;0;0;;;;;;;;;;;;Tenn-Chattanooga;
58;2012;7;253;Chandler Harnish;QB;24;IND;2012;2012;0;0;0;0;;;;;;;;;;;;Northern Illinois;College Stats
59;2011;1;1;Cam Newton;QB;22;CAR;2011;2017;1;3;7;84;104;103;59-43-1;1921;3278;24172;150;89;772;4030;53;Auburn;College Stats
60;2011;1;8;Jake Locker;QB;23;TEN;2011;2014;0;0;1;15;30;23;9-14-0;408;709;4967;27;22;95;644;5;Washington;College Stats
61;2011;1;10;Blaine Gabbert;QB;21;JAX;2011;2017;0;0;3;12;45;42;10-32-0;730;1298;7849;43;40;157;579;3;Missouri;College Stats
62;2011;1;12;Christian Ponder;QB;23;MIN;2011;2014;0;0;3;22;38;36;14-21-1;632;1057;6658;38;36;126;639;7;Florida St.;College Stats
63;2011;2;35;Andy Dalton;QB;23;CIN;2011;2017;0;3;7;64;104;104;61-41-2;2121;3384;24586;160;89;339;1033;18;TCU;College Stats
64;2011;2;36;Colin Kaepernick;QB;23;SFO;2011;2016;0;0;4;45;69;58;28-30-0;1011;1692;12271;72;30;375;2300;13;Nevada;College Stats
65;2011;3;74;Ryan Mallett;QB;23;NWE;2012;2017;0;0;0;4;21;8;3.05.2000;190;345;1835;9;10;28;-5;1;Arkansas;College Stats
66;2011;5;135;Ricky Stanzi;QB;24;KAN;2012;2012;0;0;0;0;;;;;;;;;;;;Iowa;
67;2011;5;152;T.J. Yates;QB;24;HOU;2011;2016;0;0;0;4;18;7;4.03.2000;132;227;1534;6;8;23;56;1;North Carolina;College Stats
68;2011;5;160;Nathan Enderle;QB;23;CHI;;;0;0;0;;;;;;;;;;;;;Idaho;College Stats
69;2011;6;180;Tyrod Taylor;QB;22;BAL;2011;2017;0;1;3;28;54;39;20-18-0;727;1159;8282;49;17;292;1586;14;Virginia Tech;College Stats
70;2011;7;208;Greg McElroy;QB;23;NYJ;2012;2012;0;0;0;1;2;1;0-1-0;19;31;214;1;1;8;30;0;Alabama;College Stats
71;2010;1;1;Sam Bradford;QB;22;STL;2010;2017;0;0;5;42;80;80;34-45-1;1805;2887;19049;101;57;144;333;2;Oklahoma;College Stats
72;2010;1;25;Tim Tebow;QB;23;DEN;2010;2012;0;0;1;12;35;16;8.06.2000;173;361;2422;17;9;197;989;12;Florida;College Stats
73;2010;2;48;Jimmy Clausen;QB;22;CAR;2010;2015;0;0;1;3;22;14;1-13-0;255;472;2520;7;14;37;102;0;Notre Dame;College Stats
74;2010;3;85;Colt McCoy;QB;23;CLE;2010;2015;0;0;2;12;34;25;7-18-0;508;842;5586;26;23;118;420;2;Texas;College Stats
75;2010;4;122;Mike Kafka;QB;23;PHI;2011;2011;0;0;0;0;4;0;;11;16;107;0;2;3;0;0;Northwestern;College Stats
76;2010;5;155;John Skelton;QB;22;ARI;2010;2012;0;0;0;4;20;17;8.09.2000;320;602;3707;15;25;42;182;0;Fordham;
77;2010;5;168;Jonathan Crompton;QB;23;SDG;;;0;0;0;;;;;;;;;;;;;Tennessee;
78;2010;6;176;Rusty Smith;QB;23;TEN;2010;2012;0;0;0;1;3;1;0-1-0;23;45;234;0;4;;;;Florida Atlantic;College Stats
79;2010;6;181;Dan LeFevour;QB;23;CHI;;;0;0;0;;;;;;;;;;;;;Central Michigan;
80;2010;6;204;Tony Pike;QB;24;CAR;2010;2010;0;0;0;0;1;0;;6;12;47;0;0;;;;Cincinnati;College Stats
81;2010;7;209;Levi Brown;QB;23;BUF;2010;2010;0;0;0;0;1;0;;2;3;24;0;1;;;;Troy;College Stats
82;2010;7;239;Sean Canfield;QB;24;NOR;;;0;0;0;;;;;;;;;;;;;Oregon St.;
83;2010;7;250;Zac Robinson;QB;23;NWE;2012;2012;0;0;0;0;;;;;;;;;;;;Oklahoma St.;
84;2009;1;1;Matthew Stafford;QB;21;DET;2009;2017;0;1;8;75;120;120;57-63-0;2881;4680;33313;208;114;264;939;14;Georgia;College Stats
85;2009;1;5;Mark Sanchez;QB;22;NYJ;2009;2016;0;0;5;34;77;72;37-35-0;1295;2285;15219;86;86;169;449;13;USC;College Stats
86;2009;1;17;Josh Freeman;QB;21;TAM;2009;2015;0;0;4;38;62;61;25-36-0;1179;2048;13873;81;68;205;946;4;Kansas St.;College Stats
87;2009;2;44;Pat White;QB;23;MIA;2009;2009;0;0;0;1;13;0;;0;5;0;0;0;21;81;0;West Virginia;College Stats
88;2009;4;101;Stephen McGee;QB;23;DAL;2010;2011;0;0;0;2;3;1;1-0-0;46;82;420;3;0;17;102;0;Texas A&M;College Stats
89;2009;5;151;Rhett Bomar;QB;24;NYG;;;0;0;0;;;;;;;;;;;;;Sam Houston St.;
90;2009;5;171;Nate Davis;QB;22;SFO;;;0;0;0;;;;;;;;;;;;;Ball St.;
91;2009;6;174;Tom Brandstater;QB;24;DEN;2011;2011;0;0;0;0;1;0;;0;2;0;0;0;;;;Fresno St.;College Stats
92;2009;6;178;Mike Teel;QB;23;SEA;;;0;0;0;;;;;;;;;;;;;Rutgers;
93;2009;6;196;Keith Null;QB;23;STL;2009;2009;0;0;0;1;4;4;0-4-0;73;119;566;3;9;5;6;0;West Texas A&M;
94;2009;6;201;Curtis Painter;QB;24;IND;2009;2013;0;0;1;2;14;8;0-8-0;148;287;1681;6;13;23;109;0;Purdue;College Stats
95;2008;1;3;Matt Ryan;QB;23;ATL;2008;2017;1;4;10;111;153;153;92-61-0;3532;5425;40585;256;122;339;972;5;Boston Col.;College Stats
96;2008;1;18;Joe Flacco;QB;23;BAL;2008;2017;0;0;10;81;149;149;89-60-0;3144;5093;34514;191;128;317;766;15;Delaware;College Stats
97;2008;2;56;Brian Brohm;QB;22;GNB;2009;2010;0;0;0;0;3;2;0-2-0;27;52;252;0;5;3;-3;0;Louisville;College Stats
98;2008;2;57;Chad Henne;QB;23;MIA;2008;2017;0;0;3;27;66;53;18-35-0;1159;1956;12931;58;63;120;357;3;Michigan;College Stats
99;2008;3;94;Kevin O'Connell;QB;23;NWE;2008;2008;0;0;0;0;2;0;;4;6;23;0;0;3;-6;0;San Diego St.;College Stats
100;2008;5;137;John David Booty;QB;;MIN;;;0;0;0;;;;;;;;;;;;;USC;
101;2008;5;156;Dennis Dixon;QB;23;PIT;2008;2012;0;0;0;2;4;3;2.01.2000;35;59;402;1;2;10;56;1;Oregon;College Stats
102;2008;5;160;Josh Johnson;QB;22;TAM;2009;2013;0;0;0;4;29;5;0-5-0;96;177;1042;5;10;44;274;0;San Diego;
103;2008;5;162;Erik Ainge;QB;22;NYJ;;;0;0;0;;;;;;;;;;;;;Tennessee;College Stats
104;2008;6;186;Colt Brennan;QB;25;WAS;;;0;0;0;;;;;;;;;;;;;Hawaii;College Stats
105;2008;6;198;Andre Woodson;QB;24;NYG;;;0;0;0;;;;;;;;;;;;;Kentucky;College Stats
106;2008;7;209;Matt Flynn;QB;23;GNB;2008;2014;0;0;0;8;53;7;3.04.2000;219;357;2541;17;11;65;69;1;LSU;College Stats
107;2008;7;223;Alex Brink;QB;23;HOU;;;0;0;0;;;;;;;;;;;;;Washington St.;College Stats
108;2007;1;1;JaMarcus Russell;QB;22;OAK;2007;2009;0;0;2;6;31;25;7-18-0;354;680;4083;18;23;40;175;1;LSU;College Stats
109;2007;1;22;Brady Quinn;QB;22;CLE;2007;2012;0;0;2;2;24;20;4-16-0;296;550;3043;12;17;44;185;1;Notre Dame;College Stats
110;2007;2;36;Kevin Kolb;QB;23;PHI;2007;2012;0;0;1;12;34;21;9.12.2000;449;755;5206;28;25;69;229;2;Houston;College Stats
111;2007;2;40;John Beck;QB;26;MIA;2007;2011;0;0;0;4;9;7;0-7-0;140;239;1417;3;7;19;55;3;BYU;College Stats
112;2007;2;43;Drew Stanton;QB;23;DET;2008;2017;0;0;1;10;36;15;9.06.2000;310;591;3705;17;21;77;220;2;Michigan St.;College Stats
113;2007;3;92;Trent Edwards;QB;23;BUF;2007;2012;0;0;2;17;38;33;14-19-0;563;929;6033;26;30;78;330;3;Stanford;College Stats
114;2007;4;103;Isaiah Stanback;QB;23;DAL;2007;2012;0;0;0;0;22;2;;;;;;;;;;Washington;College Stats
115;2007;5;151;Jeff Rowe;QB;23;CIN;2007;2007;0;0;0;0;2;0;;;;;;;;;;Nevada;
116;2007;5;174;Troy Smith;QB;23;BAL;2007;2010;0;0;0;6;20;8;4.04.2000;121;234;1734;8;5;52;230;3;Ohio St.;College Stats
117;2007;6;205;Jordan Palmer;QB;23;WAS;2008;2014;0;0;0;0;5;0;;11;18;66;0;2;2;3;0;Texas-El Paso;College Stats
118;2007;7;217;Tyler Thigpen;QB;23;MIN;2007;2012;0;0;1;10;29;12;1.11.2000;275;509;3222;21;18;79;469;3;Coastal Carolina;
119;2006;1;3;Vince Young;QB;23;TEN;2006;2011;0;2;4;33;60;50;31-19-0;755;1304;8964;46;51;282;1459;12;Texas;College Stats
120;2006;1;10;Matt Leinart;QB;23;ARI;2006;2012;0;0;1;12;33;18;8.10.2000;366;641;4065;15;21;47;89;2;USC;College Stats
121;2006;1;11;Jay Cutler;QB;23;DEN;2006;2017;0;1;10;84;148;148;72-76-0;2957;4762;34069;221;155;377;1670;9;Vanderbilt;College Stats
122;2006;2;49;Kellen Clemens;QB;23;NYJ;2006;2017;0;0;2;10;59;21;8-13-0;349;635;4050;16;20;83;229;3;Oregon;College Stats
123;2006;2;64;Tarvaris Jackson;QB;23;MIN;2006;2015;0;0;2;21;59;34;17-17-0;640;1073;7263;39;35;171;636;6;Alabama St.;College Stats
124;2006;3;81;Charlie Whitehurst;QB;24;SDG;2006;2016;0;0;0;7;26;9;2.07.2000;219;396;2463;11;8;56;156;2;Clemson;College Stats
125;2006;3;85;Brodie Croyle;QB;23;KAN;2006;2010;0;0;0;2;18;10;0-10-0;181;319;1669;8;9;10;15;0;Alabama;College Stats
126;2006;4;103;Brad Smith;QB;22;NYJ;2006;2014;0;0;1;17;127;24;;4;10;51;1;2;134;972;4;Missouri;College Stats
127;2006;5;148;Ingle Martin;QB;24;GNB;2006;2006;0;0;0;0;1;0;;;;;;;2;-5;0;Furman;
128;2006;5;164;Omar Jacobs;QB;;PIT;;;0;0;0;;;;;;;;;;;;;Bowling Green;College Stats
129;2006;6;193;Reggie McNeal;QB;22;CIN;2006;2006;0;0;0;0;7;0;;;;;;;1;8;0;Texas A&M;College Stats
130;2006;6;194;Bruce Gradkowski;QB;23;TAM;2006;2014;0;0;1;8;37;20;6-14-0;375;709;4057;21;24;88;329;0;Toledo;College Stats
131;2006;7;223;D.J. Shockley;QB;;ATL;;;0;0;0;;;;;;;;;;;;;Georgia;College Stats
132;2005;1;1;Alex Smith;QB;21;SFO;2005;2017;0;2;10;81;152;147;85-61-1;2790;4477;30719;176;95;516;2313;14;Utah;College Stats
133;2005;1;24;Aaron Rodgers;QB;21;GNB;2005;2017;2;6;10;124;149;141;94-47-0;3162;4850;38212;310;75;519;2627;25;California;College Stats
134;2005;1;25;Jason Campbell;QB;23;WAS;2006;2014;0;0;5;47;90;79;32-47-0;1519;2518;16771;87;60;240;1204;6;Auburn;College Stats
135;2005;3;67;Charlie Frye;QB;24;CLE;2005;2009;0;0;1;8;26;23;7-16-0;419;677;4154;17;29;72;347;4;Akron;College Stats
136;2005;3;69;Andrew Walter;QB;23;OAK;2006;2008;0;0;1;1;15;9;2.07.2000;174;333;1919;3;16;19;49;0;Arizona St.;College Stats
137;2005;3;85;David Greene;QB;;SEA;;;0;0;0;;;;;;;;;;;;;Georgia;College Stats
138;2005;4;106;Kyle Orton;QB;22;CHI;2005;2014;0;0;5;41;87;82;42-40-0;1613;2712;18037;101;69;126;296;4;Purdue;College Stats
139;2005;4;121;Stefan Lefors;QB;;CAR;;;0;0;0;;;;;;;;;;;;;Louisville;College Stats
140;2005;5;145;Dan Orlovsky;QB;22;DET;2005;2015;0;0;0;7;27;12;2.10.2000;298;512;3132;15;13;13;34;0;Connecticut;College Stats
141;2005;5;152;Adrian McPherson;QB;;NOR;;;0;0;0;;;;;;;;;;;;;Florida St.;
142;2005;6;213;Derek Anderson;QB;22;BAL;2006;2017;0;1;3;22;75;47;20-27-0;867;1603;10413;60;60;101;227;5;Oregon St.;College Stats
143;2005;7;229;James Kilian;QB;;KAN;;;0;0;0;;;;;;;;;;;;;Tulsa;College Stats
144;2005;7;230;Matt Cassel;QB;23;NWE;2005;2017;0;1;5;46;107;81;36-45-0;1571;2666;17449;104;81;266;1012;5;USC;College Stats
145;2005;7;250;Ryan Fitzpatrick;QB;22;STL;2005;2017;0;0;9;64;133;119;48-70-1;2411;4039;26991;173;136;453;2077;13;Harvard;
146;2004;1;1;Eli Manning;QB;23;SDG;2004;2017;0;4;13;109;212;210;110-100-0;4319;7220;50625;334;222;292;539;6;Mississippi;College Stats
147;2004;1;4;Philip Rivers;QB;22;NYG;2004;2017;0;6;12;128;191;187;102-85-0;4052;6305;48781;334;163;331;570;3;North Carolina St.;College Stats
148;2004;1;11;Ben Roethlisberger;QB;22;PIT;2004;2017;0;5;14;113;196;194;132-62-0;4054;6328;49762;321;172;432;1234;16;Miami (OH);College Stats
149;2004;1;22;J.P. Losman;QB;23;BUF;2004;2011;0;0;2;19;45;33;10-23-0;564;952;6271;33;34;105;490;3;Tulane;College Stats
150;2004;3;90;Matt Schaub;QB;23;ATL;2004;2016;0;2;7;69;145;92;47-45-0;2093;3274;24867;133;90;189;360;4;Virginia;College Stats
151;2004;4;106;Luke McCown;QB;23;CLE;2004;2015;0;0;0;8;62;10;2.08.2000;216;356;2370;9;15;34;177;0;Louisiana Tech;College Stats
152;2004;5;148;Craig Krenzel;QB;23;CHI;2004;2004;0;0;0;1;6;5;3.02.2000;59;127;718;3;6;18;41;0;Ohio St.;College Stats
153;2004;6;185;Andy Hall;QB;23;PHI;2005;2005;0;0;0;0;1;0;;;;;;;;;;Delaware;College Stats
154;2004;6;187;Josh Harris;QB;;BAL;;;0;0;0;;;;;;;;;;;;;Bowling Green;College Stats
155;2004;6;193;Jim Sorgi;QB;23;IND;2004;2009;0;0;0;5;16;0;;99;156;929;6;1;31;0;0;Wisconsin;College Stats
156;2004;6;201;Jeff Smoker;QB;;STL;;;0;0;0;;;;;;;;;;;;;Michigan St.;College Stats
157;2004;7;202;John Navarre;QB;23;ARI;2004;2005;0;0;0;0;2;1;0-1-0;32;64;342;2;5;;;;Michigan;College Stats
158;2004;7;217;Cody Pickett;QB;24;SFO;2004;2005;0;0;0;1;6;2;0-2-0;18;45;195;0;4;14;47;0;Washington;College Stats
159;2004;7;218;Casey Bramlet;QB;;CIN;;;0;0;0;;;;;;;;;;;;;Wyoming;
160;2004;7;225;Matt Mauck;QB;25;DEN;2005;2005;0;0;0;1;2;1;0-1-0;15;27;136;0;1;7;39;0;LSU;College Stats
161;2004;7;248;B.J. Symons;QB;;HOU;;;0;0;0;;;;;;;;;;;;;Texas Tech;College Stats
162;2004;7;250;Bradlee Van Pelt;QB;24;DEN;2005;2005;0;0;0;0;3;0;;2;8;7;0;0;11;48;1;Colorado St.;College Stats
163;2003;1;1;Carson Palmer;QB;23;CIN;2004;2017;0;3;12;106;182;181;92-88-1;3941;6307;46247;294;187;301;474;8;USC;College Stats
164;2003;1;7;Byron Leftwich;QB;23;JAX;2003;2012;0;0;3;33;60;50;24-26-0;930;1605;10532;58;42;137;415;10;Marshall;College Stats
165;2003;1;19;Kyle Boller;QB;22;BAL;2003;2011;0;0;4;17;67;47;20-27-0;861;1519;8931;48;54;176;572;2;California;College Stats
166;2003;1;22;Rex Grossman;QB;23;CHI;2003;2012;0;0;2;23;54;47;25-22-0;863;1562;10232;56;60;81;106;4;Florida;College Stats
167;2003;3;88;Dave Ragone;QB;23;HOU;2003;2003;0;0;0;1;2;2;0-2-0;20;40;135;0;1;6;51;0;Louisville;College Stats
168;2003;3;97;Chris Simms;QB;23;TAM;2004;2009;0;0;1;8;23;16;7.09.2000;297;511;3117;12;18;33;48;1;Texas;College Stats
169;2003;4;110;Seneca Wallace;QB;23;SEA;2005;2013;0;0;1;14;64;22;6-16-0;468;788;4947;31;19;68;293;1;Iowa St.;College Stats
170;2003;5;163;Brian St. Pierre;QB;23;PIT;2004;2010;0;0;0;0;3;1;0-1-0;15;33;185;2;3;5;-1;0;Boston Col.;College Stats
171;2003;6;192;Drew Henson;QB;23;HOU;2004;2008;0;0;0;0;9;1;1-0-0;11;20;98;1;1;1;7;0;Michigan;College Stats
172;2003;6;200;Brooks Bollinger;QB;23;NYJ;2004;2008;0;0;1;6;21;10;2.08.2000;211;360;2226;9;9;41;155;0;Wisconsin;College Stats
173;2003;6;201;Kliff Kingsbury;QB;24;NWE;2005;2005;0;0;0;0;1;0;;1;2;17;0;0;;;;Texas Tech;College Stats
174;2003;7;232;Gibran Hamdan;QB;22;WAS;2003;2003;0;0;0;0;1;0;;1;2;7;0;0;;;;Indiana;College Stats
175;2003;7;241;Ken Dorsey;QB;22;SFO;2004;2008;0;0;0;1;17;13;2.11.2000;214;408;2082;8;18;11;18;0;Miami (FL);College Stats
176;2002;1;1;David Carr;QB;23;HOU;2002;2012;0;0;5;44;94;79;23-56-0;1353;2267;14452;65;71;305;1328;9;Fresno St.;College Stats
177;2002;1;3;Joey Harrington;QB;23;DET;2002;2007;0;0;6;30;81;76;26-50-0;1424;2538;14693;79;85;142;402;0;Oregon;College Stats
178;2002;1;32;Patrick Ramsey;QB;23;WAS;2002;2008;0;0;1;14;37;24;10-14-0;511;913;5930;35;30;47;89;2;Tulane;College Stats
179;2002;3;81;Josh McCown;QB;23;ARI;2002;2017;0;0;5;32;93;71;22-49-0;1489;2470;16791;96;77;232;1050;11;Sam Houston St.;College Stats
180;2002;4;108;David Garrard;QB;24;JAX;2002;2010;0;1;5;61;86;76;39-37-0;1406;2281;16003;89;54;380;1746;17;East Carolina;College Stats
181;2002;4;117;Rohan Davey;QB;24;NWE;2002;2004;0;0;0;0;7;0;;8;19;88;0;0;6;-5;0;LSU;College Stats
182;2002;5;137;Randy Fasani;QB;23;CAR;2002;2002;0;0;0;1;4;1;0-1-0;15;44;171;0;4;18;95;0;Stanford;College Stats
183;2002;5;158;Kurt Kittner;QB;22;ATL;2003;2003;0;0;0;1;7;4;1.03.2000;44;114;391;2;6;8;13;0;Illinois;College Stats
184;2002;5;163;Brandon Doman;QB;;SFO;;;0;0;0;;;;;;;;;;;;;BYU;College Stats
185;2002;5;164;Craig Nall;QB;23;GNB;2003;2007;0;0;0;1;7;0;;30;48;402;5;0;10;11;0;LSU;College Stats
186;2002;6;186;J.T. O'Sullivan;QB;23;NOR;2004;2009;0;0;1;6;17;8;2.06.2000;145;257;1866;9;13;39;145;0;California-Davis;
187;2002;6;205;Steve Bellisari;QB;;STL;;;0;0;0;;;;;;;;;;;;;Ohio St.;College Stats
188;2002;7;216;Seth Burford;QB;;SDG;;;0;0;0;;;;;;;;;;;;;Cal Poly-San Luis Obispo;
189;2002;7;232;Jeff Kelly;QB;23;SEA;;;0;0;0;;;;;;;;;;;;;Southern Miss;College Stats
190;2002;7;236;Wes Pate;QB;;BAL;;;0;0;0;;;;;;;;;;;;;S.F. Austin;
191;2001;1;1;Michael Vick;QB;21;ATL;2001;2015;0;4;7;93;143;115;61-51-1;1807;3217;22464;133;88;873;6109;36;Virginia Tech;College Stats
192;2001;2;32;Drew Brees;QB;22;SDG;2001;2017;1;10;16;153;244;243;139-104-0;6102;9131;69140;481;225;429;740;18;Purdue;College Stats
193;2001;2;53;Quincy Carter;QB;23;DAL;2001;2004;0;0;2;17;38;34;18-16-0;542;960;6337;32;37;152;518;3;Georgia;College Stats
194;2001;2;59;Marques Tuiasosopo;QB;22;OAK;2001;2008;0;0;0;1;13;2;0-2-0;49;90;554;2;7;17;79;0;Washington;College Stats
195;2001;4;106;Chris Weinke;QB;29;CAR;2001;2007;0;0;1;9;29;20;2-18-0;386;709;3904;15;26;54;148;6;Florida St.;College Stats
196;2001;4;109;Sage Rosenfels;QB;23;WAS;2002;2010;0;0;0;13;44;12;6.06.2000;351;562;4156;30;29;48;95;1;Iowa St.;College Stats
197;2001;4;125;Jesse Palmer;QB;22;NYG;2002;2003;0;0;0;1;8;3;0-3-0;63;120;562;3;4;5;20;0;Florida;College Stats
198;2001;5;149;Mike McMahon;QB;22;DET;2001;2005;0;0;0;6;29;14;3.11.2000;229;515;2867;15;21;82;409;7;Rutgers;College Stats
199;2001;5;155;A.J. Feeley;QB;24;PHI;2001;2011;0;0;1;7;28;18;8.10.2000;425;762;4618;28;31;37;49;1;Oregon;College Stats
200;2001;6;172;Josh Booty;QB;;SEA;;;0;0;0;;;;;;;;;;;;;LSU;College Stats
201;2001;6;177;Josh Heupel;QB;;MIA;;;0;0;0;;;;;;;;;;;;;Oklahoma;College Stats
202;2000;1;18;Chad Pennington;QB;24;NYJ;2000;2010;0;0;6;55;89;81;44-37-0;1632;2471;17823;102;64;180;465;7;Marshall;College Stats
203;2000;3;65;Giovanni Carmazzi;QB;;SFO;;;0;0;0;;;;;;;;;;;;;Hofstra;
204;2000;3;75;Chris Redman;QB;23;BAL;2000;2011;0;0;0;9;31;12;4.08.2000;286;500;3179;21;14;33;25;0;Louisville;College Stats
205;2000;5;163;Tee Martin;QB;22;PIT;2001;2003;0;0;0;0;3;0;;6;16;69;0;1;6;36;0;Tennessee;College Stats
206;2000;6;168;Marc Bulger;QB;23;NOR;2002;2009;0;2;7;57;96;95;41-54-0;1969;3171;22814;122;93;118;300;8;West Virginia;College Stats
207;2000;6;183;Spergon Wynn;QB;22;CLE;2000;2001;0;0;0;2;10;3;0-3-0;70;152;585;1;7;11;76;0;Texas St.;College Stats
208;2000;6;199;Tom Brady;QB;23;NWE;2000;2017;2;12;16;164;248;246;192-54-0;5523;8632;64956;482;155;553;964;17;Michigan;College Stats
209;2000;6;202;Todd Husak;QB;22;WAS;2000;2000;0;0;0;0;1;0;;2;2;-2;0;0;1;-1;0;Stanford;College Stats
210;2000;6;205;JaJuan Seider;QB;;SDG;;;0;0;0;;;;;;;;;;;;;Florida A&M;
211;2000;7;212;Tim Rattay;QB;23;SFO;2000;2007;0;0;1;12;40;18;5-13-0;432;714;4853;31;23;45;77;0;Louisiana Tech;College Stats
212;2000;7;214;Jarious Jackson;QB;23;DEN;2000;2003;0;0;0;0;5;1;0-1-0;11;22;114;0;1;7;15;0;Notre Dame;College Stats
213;2000;7;234;Joe Hamilton;QB;23;TAM;2000;2000;0;0;0;0;1;0;;0;0;0;0;0;1;-2;0;Georgia Tech;College Stats
214;1999;1;1;Tim Couch;QB;22;CLE;1999;2003;0;0;4;30;62;59;22-37-0;1025;1714;11131;64;67;124;556;2;Kentucky;College Stats
215;1999;1;2;Donovan McNabb;QB;22;PHI;1999;2011;0;6;11;107;167;161;98-62-1;3170;5374;37276;234;117;616;3459;29;Syracuse;College Stats
216;1999;1;3;Akili Smith;QB;24;CIN;1999;2002;0;0;1;1;22;17;3-14-0;215;461;2212;5;13;70;371;1;Oregon;College Stats
217;1999;1;11;Daunte Culpepper;QB;22;MIN;1999;2009;0;3;5;86;105;100;41-59-0;2016;3199;24153;149;106;514;2652;34;Central Florida;College Stats
218;1999;1;12;Cade McNown;QB;22;CHI;1999;2000;0;0;0;7;25;15;3.12.2000;281;515;3111;16;19;82;486;3;UCLA;College Stats
219;1999;2;50;Shaun King;QB;22;TAM;1999;2004;0;0;0;18;34;24;14.10.2000;415;738;4566;27;24;113;454;5;Tulane;College Stats
220;1999;3;77;Brock Huard;QB;23;SEA;2000;2003;0;0;0;2;8;4;0-4-0;60;107;689;4;2;9;48;0;Washington;College Stats
221;1999;4;101;Joe Germaine;QB;24;STL;1999;1999;0;0;0;1;3;0;;9;16;136;1;2;3;0;0;Ohio St.;College Stats
222;1999;4;131;Aaron Brooks;QB;23;GNB;2000;2006;0;0;6;65;93;90;38-52-0;1673;2963;20261;123;92;362;1534;13;Virginia;College Stats
223;1999;5;151;Kevin Daft;QB;;TEN;;;0;0;0;;;;;;;;;;;;;California-Davis;
224;1999;7;227;Michael Bishop;QB;23;NWE;2000;2000;0;0;0;0;8;0;;3;9;80;1;1;7;-1;0;Kansas St.;College Stats
225;1999;7;239;Chris Greisen;QB;23;ARI;1999;2000;0;0;0;0;5;0;;7;16;69;1;0;1;1;0;NW Missouri St.;
226;1999;7;245;Scott Covington;QB;23;CIN;1999;2002;0;0;0;0;4;1;1-0-0;6;10;30;0;0;2;-4;0;Miami (FL);College Stats
227;1998;1;1;Peyton Manning;QB;22;IND;1998;2015;7;14;17;177;266;265;186-79-0;6125;9380;71940;539;251;431;667;18;Tennessee;College Stats
228;1998;1;2;Ryan Leaf;QB;22;SDG;1998;2001;0;0;0;1;25;21;4-17-0;317;655;3666;14;36;59;127;0;Washington St.;College Stats
229;1998;2;60;Charlie Batch;QB;23;DET;1998;2012;0;0;4;33;81;55;25-30-0;908;1604;11085;61;52;172;637;6;East. Michigan;College Stats
230;1998;3;86;Jonathan Quinn;QB;23;JAX;1998;2004;0;0;0;4;17;6;1.05.2000;117;223;1161;4;7;25;151;1;Middle Tenn. St.;College Stats
231;1998;3;91;Brian Griese;QB;23;DEN;1998;2008;0;1;4;52;93;83;45-38-0;1752;2796;19440;119;99;238;582;5;Michigan;College Stats
232;1998;6;172;John Dutton;QB;;MIA;;;0;0;0;;;;;;;;;;;;;Nevada;College Stats
233;1998;6;187;Matt Hasselbeck;QB;22;GNB;1999;2015;0;3;11;88;209;160;85-75-0;3222;5330;36638;212;153;365;1231;8;Boston Col.;College Stats
234;1998;7;232;Moses Moreno;QB;23;CHI;1998;2000;0;0;0;1;9;3;0-3-0;51;103;485;1;2;9;29;0;Colorado St.;College Stats
235;1997;1;26;Jim Druckenmiller;QB;24;SFO;1997;1998;0;0;0;1;6;1;1-0-0;21;52;239;1;4;13;-10;0;Virginia Tech;College Stats
236;1997;2;42;Jake Plummer;QB;22;ARI;1997;2006;0;1;10;77;143;136;69-67-0;2484;4350;29253;161;161;428;1853;17;Arizona St.;College Stats
237;1997;4;99;Danny Wuerffel;QB;23;NOR;1997;2002;0;0;0;6;25;10;4.06.2000;184;350;2123;12;22;31;189;1;Florida;College Stats
238;1997;4;110;Pat Barnes;QB;22;KAN;1999;1999;0;0;0;0;1;0;;;;;;;;;;California;College Stats
239;1997;6;171;Mike Cherry;QB;23;NYG;1997;1998;0;0;0;0;2;0;;0;1;0;0;0;4;-5;0;Murray St.;College Stats
240;1997;6;191;Chuck Clements;QB;23;NYJ;1997;1997;0;0;0;0;1;0;;;;;;;2;-3;0;Houston;College Stats
241;1997;7;204;Tony Graziani;QB;23;ATL;1997;1999;0;0;0;3;18;5;2.03.2000;85;174;999;2;8;16;51;0;Oregon;College Stats
242;1997;7;207;Koy Detmer;QB;24;PHI;1998;2006;0;0;0;4;104;8;3.05.2000;184;354;1944;10;14;31;30;1;Colorado;College Stats
243;1997;7;234;Wally Richardson;QB;23;BAL;1998;1998;0;0;0;0;1;0;;1;2;1;0;0;1;0;0;Penn St.;College Stats
244;1997;7;237;Tony Corbin;QB;;SDG;;;0;0;0;;;;;;;;;;;;;Cal State-Sacramento;
245;1997;7;240;Ron McAda;QB;;GNB;;;0;0;0;;;;;;;;;;;;;Army;College Stats
246;1996;2;42;Tony Banks;QB;23;STL;1996;2005;0;0;5;42;96;78;35-43-0;1278;2356;15315;77;73;246;881;6;Michigan St.;College Stats
247;1996;3;85;Bobby Hoying;QB;23;PHI;1996;2000;0;0;1;3;22;13;3.09.2001;244;456;2544;11;15;42;156;0;Ohio St.;College Stats
248;1996;4;100;Jeff Lewis;QB;23;DEN;1996;2000;0;0;0;2;12;0;;28;54;210;0;2;21;78;0;Northern Arizona;
249;1996;4;130;Danny Kanell;QB;22;NYG;1996;2003;0;0;2;13;43;24;10-13-1;491;956;5129;31;34;44;49;0;Florida St.;College Stats
250;1996;6;203;Spence Fischer;QB;;PIT;;;0;0;0;;;;;;;;;;;;;Duke;College Stats
251;1996;6;205;Mike Cawley;QB;;IND;;;0;0;0;;;;;;;;;;;;;James Madison;
252;1996;7;238;Jon Stark;QB;;BAL;;;0;0;0;;;;;;;;;;;;;;
253;1996;7;240;Kyle Wachholtz;QB;;GNB;;;0;0;0;;;;;;;;;;;;;USC;College Stats
254;1995;1;3;Steve McNair;QB;22;HOU;1995;2007;0;3;10;100;161;153;91-62-0;2733;4544;31304;174;119;669;3590;37;Alcorn St.;College Stats
255;1995;1;5;Kerry Collins;QB;22;CAR;1995;2011;0;2;11;81;198;180;81-99-0;3487;6261;40922;208;196;374;686;10;Penn St.;College Stats
256;1995;2;45;Todd Collins;QB;23;BUF;1995;2010;0;0;1;11;50;21;11.10.2000;391;701;4547;22;24;83;152;0;Michigan;College Stats
257;1995;2;60;Kordell Stewart;QB;22;PIT;1995;2005;0;1;4;59;125;87;48-34-0;1316;2358;14746;77;84;560;2874;38;Colorado;College Stats
258;1995;3;80;Stoney Case;QB;23;ARI;1995;2000;0;0;0;4;20;6;3.03.2000;163;318;1826;4;15;60;270;5;New Mexico;College Stats
259;1995;3;84;Eric Zeier;QB;23;CLE;1995;2000;0;0;0;6;28;12;4.08.2000;301;537;3520;16;15;43;127;0;Georgia;College Stats
260;1995;4;99;Rob Johnson;QB;22;JAX;1995;2003;0;0;1;19;48;29;12-17-0;494;806;5795;30;23;140;877;4;USC;College Stats
261;1995;4;111;Chad May;QB;;MIN;;;0;0;0;;;;;;;;;;;;;Kansas St.;College Stats
262;1995;4;119;Dave Barr;QB;23;PHI;1995;1995;0;0;0;0;2;0;;5;9;42;0;0;1;5;0;California;College Stats
263;1995;4;134;Steve Stenstrom;QB;23;KAN;1996;1999;0;0;0;6;17;10;1.09.2000;177;314;1895;4;12;22;100;2;Stanford;College Stats
264;1995;5;160;Jay Barker;QB;;GNB;;;0;0;0;;;;;;;;;;;;;Alabama;College Stats
265;1995;6;191;Jerry Colquitt;QB;;CAR;;;0;0;0;;;;;;;;;;;;;Tennessee;College Stats
266;1995;6;197;Craig Whelihan;QB;24;SDG;1997;1998;0;0;1;1;19;14;2.12.2000;267;557;3160;14;29;31;67;0;Pacific;College Stats
267;1995;7;213;John Walsh;QB;;CIN;;;0;0;0;;;;;;;;;;;;;BYU;College Stats
268;1994;1;3;Heath Shuler;QB;22;WAS;1994;1997;0;0;2;6;29;22;8-14-0;292;593;3691;15;33;67;198;1;Tennessee;College Stats
269;1994;1;6;Trent Dilfer;QB;22;TAM;1994;2007;0;1;6;51;130;113;58-55-0;1759;3172;20518;113;129;248;853;5;Fresno St.;College Stats
270;1994;4;111;Perry Klein;QB;23;ATL;1994;1994;0;0;0;0;2;0;;0;1;0;0;0;;;;C.W. Post;College Stats
271;1994;4;116;Doug Nussmeier;QB;23;NOR;1996;1997;0;0;0;2;5;2;0-2-0;46;82;455;1;4;11;36;0;Idaho;
272;1994;6;178;Jim Miller;QB;23;PIT;1995;2002;0;0;2;16;37;27;15.12.2000;610;1046;6387;36;31;55;4;0;Michigan St.;College Stats
273;1994;7;197;Gus Frerotte;QB;23;WAS;1994;2008;0;1;5;56;147;93;45-47-1;1699;3106;21291;114;106;197;315;6;Tulsa;College Stats
274;1994;7;198;Jay Walker;QB;22;NWE;1996;1997;0;0;0;0;1;0;;2;2;31;0;0;;;;Howard;College Stats
275;1994;7;199;Steve Matthews;QB;23;KAN;1997;1998;0;0;0;1;3;1;1-0-0;28;43;299;0;0;1;10;0;Memphis;College Stats
276;1994;7;208;Glenn Foley;QB;23;NYJ;1994;1999;0;0;0;8;21;9;2.07.2000;207;382;2469;12;16;19;32;0;Boston Col.;College Stats
277;1993;1;1;Drew Bledsoe;QB;21;NWE;1993;2006;0;4;12;103;194;193;98-95-0;3839;6717;44611;251;206;385;764;10;Washington St.;College Stats
278;1993;1;2;Rick Mirer;QB;23;SEA;1993;2003;0;0;5;32;80;68;24-44-0;1088;2043;11969;50;76;242;1130;9;Notre Dame;College Stats
279;1993;3;58;Billy Joe Hobert;QB;22;RAI;1995;1999;0;0;0;7;29;17;4-13-0;275;527;3371;23;25;33;121;1;Washington;College Stats
280;1993;5;118;Mark Brunell;QB;22;GNB;1994;2011;0;3;11;96;193;151;78-73-0;2761;4640;32072;184;108;513;2421;15;Washington;College Stats
281;1993;7;192;Gino Torretta;QB;23;MIN;1993;1996;0;0;0;0;2;0;;5;16;41;1;1;2;12;0;Miami (FL);College Stats
282;1993;8;216;Alex Van Pelt;QB;23;PIT;1995;2003;0;0;1;7;31;11;3.08.2000;262;477;2985;16;24;32;53;1;Pittsburgh;College Stats
283;1993;8;219;Elvis Grbac;QB;23;SFO;1994;2001;0;1;4;46;105;70;40-30-0;1446;2445;16774;99;81;163;388;7;Michigan;College Stats
284;1993;8;222;Trent Green;QB;23;SDG;1997;2008;0;2;7;94;120;113;56-57-0;2266;3740;28475;162;114;243;914;6;Indiana;College Stats
285;1992;1;6;David Klingler;QB;23;CIN;1992;1997;0;0;1;11;33;24;4-20-0;389;718;3994;16;22;74;456;0;Houston;College Stats
286;1992;1;25;Tommy Maddox;QB;21;DEN;1992;2005;0;0;2;24;92;36;15-20-1;686;1200;8087;48;54;68;128;1;UCLA;College Stats
287;1992;2;40;Matt Blundin;QB;23;KAN;1993;1997;0;0;0;0;3;0;;2;9;15;0;2;;;;Virginia;College Stats
288;1992;2;46;Tony Sacca;QB;22;PHO;1992;1992;0;0;0;0;2;0;;4;11;29;0;2;;;;Penn St.;College Stats
289;1992;4;102;Casey Weldon;QB;23;PHI;1993;1999;0;0;0;1;26;0;;60;120;713;1;4;12;0;1;Florida St.;College Stats
290;1992;4;107;Will Furrer;QB;24;CHI;1992;1995;0;0;0;1;9;2;0-2-0;57;124;572;2;10;8;20;0;Virginia Tech;College Stats
291;1992;4;112;Chris Hakel;QB;;WAS;;;0;0;0;;;;;;;;;;;;;William & Mary;
292;1992;6;166;Jeff Blake;QB;21;NYJ;1992;2005;0;1;8;68;119;100;39-61-0;1827;3241;21711;134;99;418;2027;14;East Carolina;College Stats
293;1992;8;198;Ricky Jones;QB;;RAM;;;0;0;0;;;;;;;;;;;;;Alabama St.;
294;1992;8;211;Kent Graham;QB;23;NYG;1992;2001;0;0;1;21;81;38;17-21-0;694;1339;7801;39;33;121;424;5;Ohio St.;College Stats
295;1992;8;220;Bucky Richardson;QB;23;HOU;1992;1994;0;0;0;4;16;4;1.03.2000;97;185;1257;6;6;33;225;1;Texas A&M;College Stats
296;1992;8;222;Mike Pawlawski;QB;;TAM;;;0;0;0;;;;;;;;;;;;;California;College Stats
297;1992;9;227;Brad Johnson;QB;23;MIN;1994;2008;0;2;8;74;177;125;72-53-0;2668;4326;29054;166;122;276;657;8;Florida St.;College Stats
298;1992;9;228;T.J. Rubley;QB;23;RAM;1993;1995;0;0;0;5;10;7;2.05.2000;112;195;1377;8;7;31;108;0;Tulsa;College Stats
299;1992;9;230;Ty Detmer;QB;24;GNB;1993;2003;0;0;2;15;54;25;11-14-0;546;946;6351;34;35;72;177;3;BYU;College Stats
300;1992;9;242;Darian Hagan;QB;;SFO;;;0;0;0;;;;;;;;;;;;;Colorado;College Stats
